profile_id	TotalScore	min_permuted_value	max_permuted_value	Metadata_Plate	Metadata_Well	Metadata_batch	Metadata_model_split	Metadata_clone_number	Metadata_dataset	Metadata_clone_type	pass_sign	pass_permuted	completely_incorrect	incorrect
profile_id_0	-0.1519480921878866	-0.1548019219701433	0.1589311513540062	219907	B02	2021_03_03_Batch12	test	WT_parental	bortezomib	sensitive	1	0	0	0
profile_id_1	-0.0312557407136107	-0.1548019219701433	0.1589311513540062	219907	B03	2021_03_03_Batch12	test	CloneA	bortezomib	resistant	0	0	0	1
profile_id_2	0.0099949699044387	-0.1548019219701433	0.1589311513540062	219907	B04	2021_03_03_Batch12	test	CloneE	bortezomib	resistant	1	0	0	0
profile_id_5	-0.1855160581142705	-0.1548019219701433	0.1589311513540062	219907	B07	2021_03_03_Batch12	test	WT_parental	bortezomib	sensitive	1	1	0	0
profile_id_6	-0.0842432703975345	-0.1548019219701433	0.1589311513540062	219907	B08	2021_03_03_Batch12	test	CloneA	bortezomib	resistant	0	0	0	1
profile_id_7	0.0078087487612522	-0.1548019219701433	0.1589311513540062	219907	B09	2021_03_03_Batch12	test	CloneE	bortezomib	resistant	1	0	0	0
profile_id_10	-0.0373827360370504	-0.1548019219701433	0.1589311513540062	219907	C02	2021_03_03_Batch12	validation	BZ002	bortezomib	resistant	0	0	0	1
profile_id_14	-0.0577537321909241	-0.1548019219701433	0.1589311513540062	219907	C06	2021_03_03_Batch12	validation	WT clone 03	bortezomib	sensitive	1	0	0	0
profile_id_19	-0.1400782899106873	-0.1548019219701433	0.1589311513540062	219907	C11	2021_03_03_Batch12	validation	WT clone 03	bortezomib	sensitive	1	0	0	0
profile_id_23	-0.1137073611592633	-0.1548019219701433	0.1589311513540062	219907	D05	2021_03_03_Batch12	test	WT_parental	bortezomib	sensitive	1	0	0	0
profile_id_24	-0.0875444683586247	-0.1548019219701433	0.1589311513540062	219907	D06	2021_03_03_Batch12	test	WT_parental	bortezomib	sensitive	1	0	0	0
profile_id_26	-0.0035954364994139	-0.1548019219701433	0.1589311513540062	219907	D08	2021_03_03_Batch12	validation	BZ004	bortezomib	resistant	0	0	0	1
profile_id_28	-0.1158780380319839	-0.1548019219701433	0.1589311513540062	219907	D10	2021_03_03_Batch12	test	WT_parental	bortezomib	sensitive	1	0	0	0
profile_id_29	-0.0697352207105836	-0.1548019219701433	0.1589311513540062	219907	D11	2021_03_03_Batch12	test	WT_parental	bortezomib	sensitive	1	0	0	0
profile_id_30	-0.1299011911729062	-0.1548019219701433	0.1589311513540062	219907	E02	2021_03_03_Batch12	test	WT_parental	bortezomib	sensitive	1	0	0	0
profile_id_31	0.0918795660445571	-0.1548019219701433	0.1589311513540062	219907	E03	2021_03_03_Batch12	test	CloneA	bortezomib	resistant	1	0	0	0
profile_id_32	-0.0209882367225163	-0.1548019219701433	0.1589311513540062	219907	E04	2021_03_03_Batch12	test	CloneE	bortezomib	resistant	0	0	0	1
profile_id_35	-0.1000619925161228	-0.1548019219701433	0.1589311513540062	219907	E07	2021_03_03_Batch12	test	WT_parental	bortezomib	sensitive	1	0	0	0
profile_id_36	0.0607183493565159	-0.1548019219701433	0.1589311513540062	219907	E08	2021_03_03_Batch12	test	CloneA	bortezomib	resistant	1	0	0	0
profile_id_37	0.0870795704293916	-0.1548019219701433	0.1589311513540062	219907	E09	2021_03_03_Batch12	test	CloneE	bortezomib	resistant	1	0	0	0
profile_id_53	-0.0254060654023003	-0.1548019219701433	0.1589311513540062	219907	G05	2021_03_03_Batch12	test	WT_parental	bortezomib	sensitive	1	0	0	0
profile_id_54	-0.1291168746650651	-0.1548019219701433	0.1589311513540062	219907	G06	2021_03_03_Batch12	test	WT_parental	bortezomib	sensitive	1	0	0	0
profile_id_57	0.1527261046970653	-0.1548019219701433	0.1589311513540062	219907	G09	2021_03_03_Batch12	validation	BZ005	bortezomib	resistant	1	0	0	0
profile_id_58	-0.1099510009119944	-0.1548019219701433	0.1589311513540062	219907	G10	2021_03_03_Batch12	test	WT_parental	bortezomib	sensitive	1	0	0	0
profile_id_59	-0.1819181088042364	-0.1548019219701433	0.1589311513540062	219907	G11	2021_03_03_Batch12	test	WT_parental	bortezomib	sensitive	1	1	0	0
profile_id_60	-0.1865348090666618	-0.1548019219701433	0.1589311513540062	219973	B02	2021_03_03_Batch13	test	WT_parental	bortezomib	sensitive	1	1	0	0
profile_id_61	-0.1284716016765153	-0.1548019219701433	0.1589311513540062	219973	B03	2021_03_03_Batch13	test	CloneA	bortezomib	resistant	0	0	0	1
profile_id_62	0.0157296991108628	-0.1548019219701433	0.1589311513540062	219973	B04	2021_03_03_Batch13	test	CloneE	bortezomib	resistant	1	0	0	0
profile_id_64	-0.3671930130026324	-0.1548019219701433	0.1589311513540062	219973	B06	2021_03_03_Batch13	validation	WT clone 02	bortezomib	sensitive	1	1	0	0
profile_id_65	-0.1550511696130709	-0.1548019219701433	0.1589311513540062	219973	B07	2021_03_03_Batch13	test	WT_parental	bortezomib	sensitive	1	1	0	0
profile_id_66	-0.2281654614443926	-0.1548019219701433	0.1589311513540062	219973	B08	2021_03_03_Batch13	test	CloneA	bortezomib	resistant	0	0	1	1
profile_id_67	-0.0025367682120204	-0.1548019219701433	0.1589311513540062	219973	B09	2021_03_03_Batch13	test	CloneE	bortezomib	resistant	0	0	0	1
profile_id_69	-0.3710831834116212	-0.1548019219701433	0.1589311513540062	219973	B11	2021_03_03_Batch13	validation	WT clone 02	bortezomib	sensitive	1	1	0	0
profile_id_73	-0.0869846509058071	-0.1548019219701433	0.1589311513540062	219973	C05	2021_03_03_Batch13	validation	WT clone 04	bortezomib	sensitive	1	0	0	0
profile_id_76	0.3743743301302309	-0.1548019219701433	0.1589311513540062	219973	C08	2021_03_03_Batch13	validation	BZ001	bortezomib	resistant	1	1	0	0
profile_id_83	-0.1901710298007674	-0.1548019219701433	0.1589311513540062	219973	D05	2021_03_03_Batch13	test	WT_parental	bortezomib	sensitive	1	1	0	0
profile_id_84	0.0065824052952437	-0.1548019219701433	0.1589311513540062	219973	D06	2021_03_03_Batch13	test	WT_parental	bortezomib	sensitive	0	0	0	1
profile_id_88	-0.1063119118185481	-0.1548019219701433	0.1589311513540062	219973	D10	2021_03_03_Batch13	test	WT_parental	bortezomib	sensitive	1	0	0	0
profile_id_89	-0.2387864527723915	-0.1548019219701433	0.1589311513540062	219973	D11	2021_03_03_Batch13	test	WT_parental	bortezomib	sensitive	1	1	0	0
profile_id_90	-0.1127880879449521	-0.1548019219701433	0.1589311513540062	219973	E02	2021_03_03_Batch13	test	WT_parental	bortezomib	sensitive	1	0	0	0
profile_id_91	-0.2542057818198368	-0.1548019219701433	0.1589311513540062	219973	E03	2021_03_03_Batch13	test	CloneA	bortezomib	resistant	0	0	1	1
profile_id_92	0.03394600609965	-0.1548019219701433	0.1589311513540062	219973	E04	2021_03_03_Batch13	test	CloneE	bortezomib	resistant	1	0	0	0
profile_id_95	-0.2846902454753109	-0.1548019219701433	0.1589311513540062	219973	E07	2021_03_03_Batch13	test	WT_parental	bortezomib	sensitive	1	1	0	0
profile_id_96	-0.2134250586711318	-0.1548019219701433	0.1589311513540062	219973	E08	2021_03_03_Batch13	test	CloneA	bortezomib	resistant	0	0	1	1
profile_id_97	0.0818515460888297	-0.1548019219701433	0.1589311513540062	219973	E09	2021_03_03_Batch13	test	CloneE	bortezomib	resistant	1	0	0	0
profile_id_100	0.1483159103274487	-0.1548019219701433	0.1589311513540062	219973	F02	2021_03_03_Batch13	validation	BZ002	bortezomib	resistant	1	0	0	0
profile_id_103	-0.0624247075647728	-0.1548019219701433	0.1589311513540062	219973	F05	2021_03_03_Batch13	validation	WT clone 04	bortezomib	sensitive	1	0	0	0
profile_id_107	-0.0235803946312751	-0.1548019219701433	0.1589311513540062	219973	F09	2021_03_03_Batch13	validation	WT clone 05	bortezomib	sensitive	1	0	0	0
profile_id_113	-0.1107893168811272	-0.1548019219701433	0.1589311513540062	219973	G05	2021_03_03_Batch13	test	WT_parental	bortezomib	sensitive	1	0	0	0
profile_id_114	0.0058046684361967	-0.1548019219701433	0.1589311513540062	219973	G06	2021_03_03_Batch13	test	WT_parental	bortezomib	sensitive	0	0	0	1
profile_id_118	-0.0851651363210547	-0.1548019219701433	0.1589311513540062	219973	G10	2021_03_03_Batch13	test	WT_parental	bortezomib	sensitive	1	0	0	0
profile_id_119	0.008154082447162	-0.1548019219701433	0.1589311513540062	219973	G11	2021_03_03_Batch13	test	WT_parental	bortezomib	sensitive	0	0	0	1
profile_id_120	0.0493426000036306	-0.1548019219701433	0.1589311513540062	219901	B02	2021_03_03_Batch14	holdout	WT_parental	bortezomib	sensitive	0	0	0	1
profile_id_121	-0.024645143201282	-0.1548019219701433	0.1589311513540062	219901	B03	2021_03_03_Batch14	holdout	CloneA	bortezomib	resistant	0	0	0	1
profile_id_122	0.0129488686743329	-0.1548019219701433	0.1589311513540062	219901	B04	2021_03_03_Batch14	holdout	CloneE	bortezomib	resistant	1	0	0	0
profile_id_123	0.192649855556135	-0.1548019219701433	0.1589311513540062	219901	B05	2021_03_03_Batch14	holdout	WT clone 01	bortezomib	sensitive	0	0	1	1
profile_id_124	-0.1714011933781071	-0.1548019219701433	0.1589311513540062	219901	B06	2021_03_03_Batch14	holdout	WT clone 02	bortezomib	sensitive	1	1	0	0
profile_id_125	-0.081833904480406	-0.1548019219701433	0.1589311513540062	219901	B07	2021_03_03_Batch14	holdout	WT_parental	bortezomib	sensitive	1	0	0	0
profile_id_126	-0.0620608533859615	-0.1548019219701433	0.1589311513540062	219901	B08	2021_03_03_Batch14	holdout	CloneA	bortezomib	resistant	0	0	0	1
profile_id_127	0.0189203893336789	-0.1548019219701433	0.1589311513540062	219901	B09	2021_03_03_Batch14	holdout	CloneE	bortezomib	resistant	1	0	0	0
profile_id_128	0.1054635525967936	-0.1548019219701433	0.1589311513540062	219901	B10	2021_03_03_Batch14	holdout	WT clone 01	bortezomib	sensitive	0	0	0	1
profile_id_129	-0.4199646886588491	-0.1548019219701433	0.1589311513540062	219901	B11	2021_03_03_Batch14	holdout	WT clone 02	bortezomib	sensitive	1	1	0	0
profile_id_130	0.0734806268613176	-0.1548019219701433	0.1589311513540062	219901	C02	2021_03_03_Batch14	holdout	BZ002	bortezomib	resistant	1	0	0	0
profile_id_131	0.0708275702481177	-0.1548019219701433	0.1589311513540062	219901	C03	2021_03_03_Batch14	holdout	BZ001	bortezomib	resistant	1	0	0	0
profile_id_132	0.0594863211059089	-0.1548019219701433	0.1589311513540062	219901	C04	2021_03_03_Batch14	holdout	WT clone 05	bortezomib	sensitive	0	0	0	1
profile_id_133	0.0208061038942444	-0.1548019219701433	0.1589311513540062	219901	C05	2021_03_03_Batch14	holdout	WT clone 04	bortezomib	sensitive	0	0	0	1
profile_id_134	-0.1337428231891528	-0.1548019219701433	0.1589311513540062	219901	C06	2021_03_03_Batch14	holdout	WT clone 03	bortezomib	sensitive	1	0	0	0
profile_id_135	0.0350827393033046	-0.1548019219701433	0.1589311513540062	219901	C07	2021_03_03_Batch14	holdout	BZ002	bortezomib	resistant	1	0	0	0
profile_id_136	-0.0316253555806799	-0.1548019219701433	0.1589311513540062	219901	C08	2021_03_03_Batch14	holdout	BZ001	bortezomib	resistant	0	0	0	1
profile_id_137	-0.2440381231003311	-0.1548019219701433	0.1589311513540062	219901	C09	2021_03_03_Batch14	holdout	WT clone 05	bortezomib	sensitive	1	1	0	0
profile_id_138	-0.0026700430531948	-0.1548019219701433	0.1589311513540062	219901	C10	2021_03_03_Batch14	holdout	WT clone 04	bortezomib	sensitive	1	0	0	0
profile_id_139	-0.1881591313987903	-0.1548019219701433	0.1589311513540062	219901	C11	2021_03_03_Batch14	holdout	WT clone 03	bortezomib	sensitive	1	1	0	0
profile_id_140	0.3635773541703739	-0.1548019219701433	0.1589311513540062	219901	D02	2021_03_03_Batch14	holdout	BZ003	bortezomib	resistant	1	1	0	0
profile_id_141	0.0825043615041695	-0.1548019219701433	0.1589311513540062	219901	D03	2021_03_03_Batch14	holdout	BZ004	bortezomib	resistant	1	0	0	0
profile_id_142	0.0837979076732814	-0.1548019219701433	0.1589311513540062	219901	D04	2021_03_03_Batch14	holdout	BZ005	bortezomib	resistant	1	0	0	0
profile_id_143	-0.2230097653014107	-0.1548019219701433	0.1589311513540062	219901	D05	2021_03_03_Batch14	holdout	WT_parental	bortezomib	sensitive	1	1	0	0
profile_id_144	-0.1556821687187181	-0.1548019219701433	0.1589311513540062	219901	D06	2021_03_03_Batch14	holdout	WT_parental	bortezomib	sensitive	1	1	0	0
profile_id_145	0.3247413107408248	-0.1548019219701433	0.1589311513540062	219901	D07	2021_03_03_Batch14	holdout	BZ003	bortezomib	resistant	1	1	0	0
profile_id_146	0.05744146853095	-0.1548019219701433	0.1589311513540062	219901	D08	2021_03_03_Batch14	holdout	BZ004	bortezomib	resistant	1	0	0	0
profile_id_147	0.2130590312507032	-0.1548019219701433	0.1589311513540062	219901	D09	2021_03_03_Batch14	holdout	BZ005	bortezomib	resistant	1	1	0	0
profile_id_148	-0.1986549575923857	-0.1548019219701433	0.1589311513540062	219901	D10	2021_03_03_Batch14	holdout	WT_parental	bortezomib	sensitive	1	1	0	0
profile_id_149	-0.1740657154388106	-0.1548019219701433	0.1589311513540062	219901	D11	2021_03_03_Batch14	holdout	WT_parental	bortezomib	sensitive	1	1	0	0
profile_id_150	-0.0816886887951242	-0.1548019219701433	0.1589311513540062	219901	E02	2021_03_03_Batch14	holdout	WT_parental	bortezomib	sensitive	1	0	0	0
profile_id_151	0.0917393679906565	-0.1548019219701433	0.1589311513540062	219901	E03	2021_03_03_Batch14	holdout	CloneA	bortezomib	resistant	1	0	0	0
profile_id_152	0.1098001563711261	-0.1548019219701433	0.1589311513540062	219901	E04	2021_03_03_Batch14	holdout	CloneE	bortezomib	resistant	1	0	0	0
profile_id_153	0.3048397507560324	-0.1548019219701433	0.1589311513540062	219901	E05	2021_03_03_Batch14	holdout	WT clone 01	bortezomib	sensitive	0	0	1	1
profile_id_154	-0.3218408920913948	-0.1548019219701433	0.1589311513540062	219901	E06	2021_03_03_Batch14	holdout	WT clone 02	bortezomib	sensitive	1	1	0	0
profile_id_155	-0.1923787236897142	-0.1548019219701433	0.1589311513540062	219901	E07	2021_03_03_Batch14	holdout	WT_parental	bortezomib	sensitive	1	1	0	0
profile_id_156	0.170112848607131	-0.1548019219701433	0.1589311513540062	219901	E08	2021_03_03_Batch14	holdout	CloneA	bortezomib	resistant	1	1	0	0
profile_id_157	0.1259365592740145	-0.1548019219701433	0.1589311513540062	219901	E09	2021_03_03_Batch14	holdout	CloneE	bortezomib	resistant	1	0	0	0
profile_id_158	0.1514553176409947	-0.1548019219701433	0.1589311513540062	219901	E10	2021_03_03_Batch14	holdout	WT clone 01	bortezomib	sensitive	0	0	0	1
profile_id_159	-0.2089516005988431	-0.1548019219701433	0.1589311513540062	219901	E11	2021_03_03_Batch14	holdout	WT clone 02	bortezomib	sensitive	1	1	0	0
profile_id_160	0.0092913349916444	-0.1548019219701433	0.1589311513540062	219901	F02	2021_03_03_Batch14	holdout	BZ002	bortezomib	resistant	1	0	0	0
profile_id_161	0.1193108289689528	-0.1548019219701433	0.1589311513540062	219901	F03	2021_03_03_Batch14	holdout	BZ001	bortezomib	resistant	1	0	0	0
profile_id_162	0.0923575074184241	-0.1548019219701433	0.1589311513540062	219901	F04	2021_03_03_Batch14	holdout	WT clone 05	bortezomib	sensitive	0	0	0	1
profile_id_163	-0.05004799268538	-0.1548019219701433	0.1589311513540062	219901	F05	2021_03_03_Batch14	holdout	WT clone 04	bortezomib	sensitive	1	0	0	0
profile_id_164	-0.1638982404860595	-0.1548019219701433	0.1589311513540062	219901	F06	2021_03_03_Batch14	holdout	WT clone 03	bortezomib	sensitive	1	1	0	0
profile_id_165	0.1073911420077889	-0.1548019219701433	0.1589311513540062	219901	F07	2021_03_03_Batch14	holdout	BZ002	bortezomib	resistant	1	0	0	0
profile_id_166	-0.0397462721235997	-0.1548019219701433	0.1589311513540062	219901	F08	2021_03_03_Batch14	holdout	BZ001	bortezomib	resistant	0	0	0	1
profile_id_167	-0.0900729111376843	-0.1548019219701433	0.1589311513540062	219901	F09	2021_03_03_Batch14	holdout	WT clone 05	bortezomib	sensitive	1	0	0	0
profile_id_168	-0.0374476216810766	-0.1548019219701433	0.1589311513540062	219901	F10	2021_03_03_Batch14	holdout	WT clone 04	bortezomib	sensitive	1	0	0	0
profile_id_169	-0.182129656298003	-0.1548019219701433	0.1589311513540062	219901	F11	2021_03_03_Batch14	holdout	WT clone 03	bortezomib	sensitive	1	1	0	0
profile_id_170	0.3801755509423176	-0.1548019219701433	0.1589311513540062	219901	G02	2021_03_03_Batch14	holdout	BZ003	bortezomib	resistant	1	1	0	0
profile_id_171	0.1241995080228409	-0.1548019219701433	0.1589311513540062	219901	G03	2021_03_03_Batch14	holdout	BZ004	bortezomib	resistant	1	0	0	0
profile_id_172	0.1679815137995729	-0.1548019219701433	0.1589311513540062	219901	G04	2021_03_03_Batch14	holdout	BZ005	bortezomib	resistant	1	1	0	0
profile_id_173	-0.1599634946543369	-0.1548019219701433	0.1589311513540062	219901	G05	2021_03_03_Batch14	holdout	WT_parental	bortezomib	sensitive	1	1	0	0
profile_id_174	-0.180165377454996	-0.1548019219701433	0.1589311513540062	219901	G06	2021_03_03_Batch14	holdout	WT_parental	bortezomib	sensitive	1	1	0	0
profile_id_175	0.200338688520273	-0.1548019219701433	0.1589311513540062	219901	G07	2021_03_03_Batch14	holdout	BZ003	bortezomib	resistant	1	1	0	0
profile_id_176	-0.146077251740383	-0.1548019219701433	0.1589311513540062	219901	G08	2021_03_03_Batch14	holdout	BZ004	bortezomib	resistant	0	0	0	1
profile_id_177	0.1053334137752326	-0.1548019219701433	0.1589311513540062	219901	G09	2021_03_03_Batch14	holdout	BZ005	bortezomib	resistant	1	0	0	0
profile_id_178	-0.2113763789537656	-0.1548019219701433	0.1589311513540062	219901	G10	2021_03_03_Batch14	holdout	WT_parental	bortezomib	sensitive	1	1	0	0
profile_id_179	-0.056182866009683	-0.1548019219701433	0.1589311513540062	219901	G11	2021_03_03_Batch14	holdout	WT_parental	bortezomib	sensitive	1	0	0	0
profile_id_180	-0.2782408433660393	-0.1548019219701433	0.1589311513540062	219956	B02	2021_03_03_Batch15	test	WT_parental	bortezomib	sensitive	1	1	0	0
profile_id_181	-0.2950533561178541	-0.1548019219701433	0.1589311513540062	219956	B03	2021_03_03_Batch15	test	CloneA	bortezomib	resistant	0	0	1	1
profile_id_182	-0.1492959544084589	-0.1548019219701433	0.1589311513540062	219956	B04	2021_03_03_Batch15	test	CloneE	bortezomib	resistant	0	0	0	1
profile_id_183	-0.3818223647272147	-0.1548019219701433	0.1589311513540062	219956	B05	2021_03_03_Batch15	validation	WT clone 01	bortezomib	sensitive	1	1	0	0
profile_id_185	-0.3745243037764803	-0.1548019219701433	0.1589311513540062	219956	B07	2021_03_03_Batch15	test	WT_parental	bortezomib	sensitive	1	1	0	0
profile_id_186	-0.3110470601410102	-0.1548019219701433	0.1589311513540062	219956	B08	2021_03_03_Batch15	test	CloneA	bortezomib	resistant	0	0	1	1
profile_id_187	-0.3047431573570108	-0.1548019219701433	0.1589311513540062	219956	B09	2021_03_03_Batch15	test	CloneE	bortezomib	resistant	0	0	1	1
profile_id_188	-0.2668042792022312	-0.1548019219701433	0.1589311513540062	219956	B10	2021_03_03_Batch15	validation	WT clone 01	bortezomib	sensitive	1	1	0	0
profile_id_200	0.4843021644463808	-0.1548019219701433	0.1589311513540062	219956	D02	2021_03_03_Batch15	validation	BZ003	bortezomib	resistant	1	1	0	0
profile_id_203	-0.2053807848495912	-0.1548019219701433	0.1589311513540062	219956	D05	2021_03_03_Batch15	test	WT_parental	bortezomib	sensitive	1	1	0	0
profile_id_204	-0.0319686079083496	-0.1548019219701433	0.1589311513540062	219956	D06	2021_03_03_Batch15	test	WT_parental	bortezomib	sensitive	1	0	0	0
profile_id_205	0.3452236575630855	-0.1548019219701433	0.1589311513540062	219956	D07	2021_03_03_Batch15	validation	BZ003	bortezomib	resistant	1	1	0	0
profile_id_207	0.5117135685765113	-0.1548019219701433	0.1589311513540062	219956	D09	2021_03_03_Batch15	validation	BZ005	bortezomib	resistant	1	1	0	0
profile_id_208	-0.2782394051914396	-0.1548019219701433	0.1589311513540062	219956	D10	2021_03_03_Batch15	test	WT_parental	bortezomib	sensitive	1	1	0	0
profile_id_209	-0.2717982805759755	-0.1548019219701433	0.1589311513540062	219956	D11	2021_03_03_Batch15	test	WT_parental	bortezomib	sensitive	1	1	0	0
profile_id_210	-0.1497532499869606	-0.1548019219701433	0.1589311513540062	219956	E02	2021_03_03_Batch15	test	WT_parental	bortezomib	sensitive	1	0	0	0
profile_id_211	-0.1421562524608765	-0.1548019219701433	0.1589311513540062	219956	E03	2021_03_03_Batch15	test	CloneA	bortezomib	resistant	0	0	0	1
profile_id_212	-0.0046355603243293	-0.1548019219701433	0.1589311513540062	219956	E04	2021_03_03_Batch15	test	CloneE	bortezomib	resistant	0	0	0	1
profile_id_215	-0.2012045894772151	-0.1548019219701433	0.1589311513540062	219956	E07	2021_03_03_Batch15	test	WT_parental	bortezomib	sensitive	1	1	0	0
profile_id_216	-0.4032295377157134	-0.1548019219701433	0.1589311513540062	219956	E08	2021_03_03_Batch15	test	CloneA	bortezomib	resistant	0	0	1	1
profile_id_217	-0.089967496934451	-0.1548019219701433	0.1589311513540062	219956	E09	2021_03_03_Batch15	test	CloneE	bortezomib	resistant	0	0	0	1
profile_id_220	0.43887292541716	-0.1548019219701433	0.1589311513540062	219956	F02	2021_03_03_Batch15	validation	BZ002	bortezomib	resistant	1	1	0	0
profile_id_233	-0.3124726107637334	-0.1548019219701433	0.1589311513540062	219956	G05	2021_03_03_Batch15	test	WT_parental	bortezomib	sensitive	1	1	0	0
profile_id_234	-0.1383137016108578	-0.1548019219701433	0.1589311513540062	219956	G06	2021_03_03_Batch15	test	WT_parental	bortezomib	sensitive	1	0	0	0
profile_id_238	-0.3274373208354043	-0.1548019219701433	0.1589311513540062	219956	G10	2021_03_03_Batch15	test	WT_parental	bortezomib	sensitive	1	1	0	0
profile_id_239	-0.3683910444036726	-0.1548019219701433	0.1589311513540062	219956	G11	2021_03_03_Batch15	test	WT_parental	bortezomib	sensitive	1	1	0	0
profile_id_240	-0.3691964501440476	-0.1548019219701433	0.1589311513540062	220039	B02	2021_03_05_Batch16	test	WT_parental	bortezomib	sensitive	1	1	0	0
profile_id_241	0.2741640498280837	-0.1548019219701433	0.1589311513540062	220039	B03	2021_03_05_Batch16	test	CloneA	bortezomib	resistant	1	1	0	0
profile_id_242	0.2388168382057409	-0.1548019219701433	0.1589311513540062	220039	B04	2021_03_05_Batch16	test	CloneE	bortezomib	resistant	1	1	0	0
profile_id_245	-0.2783806658965722	-0.1548019219701433	0.1589311513540062	220039	B07	2021_03_05_Batch16	test	WT_parental	bortezomib	sensitive	1	1	0	0
profile_id_246	0.1950389791657718	-0.1548019219701433	0.1589311513540062	220039	B08	2021_03_05_Batch16	test	CloneA	bortezomib	resistant	1	1	0	0
profile_id_247	0.1735000613940757	-0.1548019219701433	0.1589311513540062	220039	B09	2021_03_05_Batch16	test	CloneE	bortezomib	resistant	1	1	0	0
profile_id_249	-0.4881631279262058	-0.1548019219701433	0.1589311513540062	220039	B11	2021_03_05_Batch16	validation	WT clone 02	bortezomib	sensitive	1	1	0	0
profile_id_254	-0.0113916571619304	-0.1548019219701433	0.1589311513540062	220039	C06	2021_03_05_Batch16	validation	WT clone 03	bortezomib	sensitive	1	0	0	0
profile_id_263	-0.4734404027157338	-0.1548019219701433	0.1589311513540062	220039	D05	2021_03_05_Batch16	test	WT_parental	bortezomib	sensitive	1	1	0	0
profile_id_264	-0.2104414775754702	-0.1548019219701433	0.1589311513540062	220039	D06	2021_03_05_Batch16	test	WT_parental	bortezomib	sensitive	1	1	0	0
profile_id_268	-0.4964880934803263	-0.1548019219701433	0.1589311513540062	220039	D10	2021_03_05_Batch16	test	WT_parental	bortezomib	sensitive	1	1	0	0
profile_id_269	-0.4668161345548486	-0.1548019219701433	0.1589311513540062	220039	D11	2021_03_05_Batch16	test	WT_parental	bortezomib	sensitive	1	1	0	0
profile_id_270	-0.2283023916460081	-0.1548019219701433	0.1589311513540062	220039	E02	2021_03_05_Batch16	test	WT_parental	bortezomib	sensitive	1	1	0	0
profile_id_271	0.2978500224546994	-0.1548019219701433	0.1589311513540062	220039	E03	2021_03_05_Batch16	test	CloneA	bortezomib	resistant	1	1	0	0
profile_id_272	0.2256694854569227	-0.1548019219701433	0.1589311513540062	220039	E04	2021_03_05_Batch16	test	CloneE	bortezomib	resistant	1	1	0	0
profile_id_275	-0.3359735502433008	-0.1548019219701433	0.1589311513540062	220039	E07	2021_03_05_Batch16	test	WT_parental	bortezomib	sensitive	1	1	0	0
profile_id_276	0.2154177095030486	-0.1548019219701433	0.1589311513540062	220039	E08	2021_03_05_Batch16	test	CloneA	bortezomib	resistant	1	1	0	0
profile_id_277	0.1258689730576845	-0.1548019219701433	0.1589311513540062	220039	E09	2021_03_05_Batch16	test	CloneE	bortezomib	resistant	1	0	0	0
profile_id_284	-0.0560393641491324	-0.1548019219701433	0.1589311513540062	220039	F06	2021_03_05_Batch16	validation	WT clone 03	bortezomib	sensitive	1	0	0	0
profile_id_288	0.11602839519146	-0.1548019219701433	0.1589311513540062	220039	F10	2021_03_05_Batch16	validation	WT clone 04	bortezomib	sensitive	0	0	0	1
profile_id_291	0.1456920846129891	-0.1548019219701433	0.1589311513540062	220039	G03	2021_03_05_Batch16	validation	BZ004	bortezomib	resistant	1	0	0	0
profile_id_293	-0.4706986626638112	-0.1548019219701433	0.1589311513540062	220039	G05	2021_03_05_Batch16	test	WT_parental	bortezomib	sensitive	1	1	0	0
profile_id_294	-0.5312800458643467	-0.1548019219701433	0.1589311513540062	220039	G06	2021_03_05_Batch16	test	WT_parental	bortezomib	sensitive	1	1	0	0
profile_id_296	0.1399179973616846	-0.1548019219701433	0.1589311513540062	220039	G08	2021_03_05_Batch16	validation	BZ004	bortezomib	resistant	1	0	0	0
profile_id_297	0.0855471594389764	-0.1548019219701433	0.1589311513540062	220039	G09	2021_03_05_Batch16	validation	BZ005	bortezomib	resistant	1	0	0	0
profile_id_298	-0.414902006458107	-0.1548019219701433	0.1589311513540062	220039	G10	2021_03_05_Batch16	test	WT_parental	bortezomib	sensitive	1	1	0	0
profile_id_299	-0.4305765315984217	-0.1548019219701433	0.1589311513540062	220039	G11	2021_03_05_Batch16	test	WT_parental	bortezomib	sensitive	1	1	0	0
profile_id_300	-0.1731781659592126	-0.1548019219701433	0.1589311513540062	220040	B02	2021_03_05_Batch17	test	WT_parental	bortezomib	sensitive	1	1	0	0
profile_id_301	0.0578098969039744	-0.1548019219701433	0.1589311513540062	220040	B03	2021_03_05_Batch17	test	CloneA	bortezomib	resistant	1	0	0	0
profile_id_302	-0.1284957749945797	-0.1548019219701433	0.1589311513540062	220040	B04	2021_03_05_Batch17	test	CloneE	bortezomib	resistant	0	0	0	1
profile_id_305	-0.4156917001409794	-0.1548019219701433	0.1589311513540062	220040	B07	2021_03_05_Batch17	test	WT_parental	bortezomib	sensitive	1	1	0	0
profile_id_306	-0.0030369493581011	-0.1548019219701433	0.1589311513540062	220040	B08	2021_03_05_Batch17	test	CloneA	bortezomib	resistant	0	0	0	1
profile_id_307	-0.2771797821159089	-0.1548019219701433	0.1589311513540062	220040	B09	2021_03_05_Batch17	test	CloneE	bortezomib	resistant	0	0	1	1
profile_id_316	0.2079213282699359	-0.1548019219701433	0.1589311513540062	220040	C08	2021_03_05_Batch17	validation	BZ001	bortezomib	resistant	1	1	0	0
profile_id_323	-0.2411619297030482	-0.1548019219701433	0.1589311513540062	220040	D05	2021_03_05_Batch17	test	WT_parental	bortezomib	sensitive	1	1	0	0
profile_id_324	-0.2004628748969628	-0.1548019219701433	0.1589311513540062	220040	D06	2021_03_05_Batch17	test	WT_parental	bortezomib	sensitive	1	1	0	0
profile_id_328	-0.2501048828776173	-0.1548019219701433	0.1589311513540062	220040	D10	2021_03_05_Batch17	test	WT_parental	bortezomib	sensitive	1	1	0	0
profile_id_329	-0.4678630138054535	-0.1548019219701433	0.1589311513540062	220040	D11	2021_03_05_Batch17	test	WT_parental	bortezomib	sensitive	1	1	0	0
profile_id_330	-0.1869223771466514	-0.1548019219701433	0.1589311513540062	220040	E02	2021_03_05_Batch17	test	WT_parental	bortezomib	sensitive	1	1	0	0
profile_id_331	0.1610137176608864	-0.1548019219701433	0.1589311513540062	220040	E03	2021_03_05_Batch17	test	CloneA	bortezomib	resistant	1	1	0	0
profile_id_332	0.1442198013056324	-0.1548019219701433	0.1589311513540062	220040	E04	2021_03_05_Batch17	test	CloneE	bortezomib	resistant	1	0	0	0
profile_id_333	-0.0104483105027909	-0.1548019219701433	0.1589311513540062	220040	E05	2021_03_05_Batch17	validation	WT clone 01	bortezomib	sensitive	1	0	0	0
profile_id_334	-0.3771980221647634	-0.1548019219701433	0.1589311513540062	220040	E06	2021_03_05_Batch17	validation	WT clone 02	bortezomib	sensitive	1	1	0	0
profile_id_335	-0.2665670203425642	-0.1548019219701433	0.1589311513540062	220040	E07	2021_03_05_Batch17	test	WT_parental	bortezomib	sensitive	1	1	0	0
profile_id_336	0.1010071688529478	-0.1548019219701433	0.1589311513540062	220040	E08	2021_03_05_Batch17	test	CloneA	bortezomib	resistant	1	0	0	0
profile_id_337	-0.2230535377433263	-0.1548019219701433	0.1589311513540062	220040	E09	2021_03_05_Batch17	test	CloneE	bortezomib	resistant	0	0	1	1
profile_id_342	-0.0308537229738228	-0.1548019219701433	0.1589311513540062	220040	F04	2021_03_05_Batch17	validation	WT clone 05	bortezomib	sensitive	1	0	0	0
profile_id_346	0.2946903288894378	-0.1548019219701433	0.1589311513540062	220040	F08	2021_03_05_Batch17	validation	BZ001	bortezomib	resistant	1	1	0	0
profile_id_353	-0.5029884509146535	-0.1548019219701433	0.1589311513540062	220040	G05	2021_03_05_Batch17	test	WT_parental	bortezomib	sensitive	1	1	0	0
profile_id_354	-0.5312946113770989	-0.1548019219701433	0.1589311513540062	220040	G06	2021_03_05_Batch17	test	WT_parental	bortezomib	sensitive	1	1	0	0
profile_id_358	-0.0284657459089366	-0.1548019219701433	0.1589311513540062	220040	G10	2021_03_05_Batch17	test	WT_parental	bortezomib	sensitive	1	0	0	0
profile_id_359	-0.3914113099776335	-0.1548019219701433	0.1589311513540062	220040	G11	2021_03_05_Batch17	test	WT_parental	bortezomib	sensitive	1	1	0	0
profile_id_360	-0.3423739785125209	-0.1548019219701433	0.1589311513540062	220055	B02	2021_03_12_Batch18	test	WT_parental	bortezomib	sensitive	1	1	0	0
profile_id_361	0.1638549274610299	-0.1548019219701433	0.1589311513540062	220055	B03	2021_03_12_Batch18	test	CloneA	bortezomib	resistant	1	1	0	0
profile_id_362	0.1109027409178954	-0.1548019219701433	0.1589311513540062	220055	B04	2021_03_12_Batch18	test	CloneE	bortezomib	resistant	1	0	0	0
profile_id_365	-0.5448389722241824	-0.1548019219701433	0.1589311513540062	220055	B07	2021_03_12_Batch18	test	WT_parental	bortezomib	sensitive	1	1	0	0
profile_id_366	0.0092413664141615	-0.1548019219701433	0.1589311513540062	220055	B08	2021_03_12_Batch18	test	CloneA	bortezomib	resistant	1	0	0	0
profile_id_367	0.0932205559957435	-0.1548019219701433	0.1589311513540062	220055	B09	2021_03_12_Batch18	test	CloneE	bortezomib	resistant	1	0	0	0
profile_id_376	0.1217232390223173	-0.1548019219701433	0.1589311513540062	220055	C08	2021_03_12_Batch18	validation	BZ001	bortezomib	resistant	1	0	0	0
profile_id_377	-0.3793430196310194	-0.1548019219701433	0.1589311513540062	220055	C09	2021_03_12_Batch18	validation	WT clone 05	bortezomib	sensitive	1	1	0	0
profile_id_381	0.3378352832424151	-0.1548019219701433	0.1589311513540062	220055	D03	2021_03_12_Batch18	validation	BZ004	bortezomib	resistant	1	1	0	0
profile_id_383	-0.0969824691949392	-0.1548019219701433	0.1589311513540062	220055	D05	2021_03_12_Batch18	test	WT_parental	bortezomib	sensitive	1	0	0	0
profile_id_384	-0.2111900314749304	-0.1548019219701433	0.1589311513540062	220055	D06	2021_03_12_Batch18	test	WT_parental	bortezomib	sensitive	1	1	0	0
profile_id_385	0.2326421394298129	-0.1548019219701433	0.1589311513540062	220055	D07	2021_03_12_Batch18	validation	BZ003	bortezomib	resistant	1	1	0	0
profile_id_388	-0.5084689787656396	-0.1548019219701433	0.1589311513540062	220055	D10	2021_03_12_Batch18	test	WT_parental	bortezomib	sensitive	1	1	0	0
profile_id_389	-0.3276807518610619	-0.1548019219701433	0.1589311513540062	220055	D11	2021_03_12_Batch18	test	WT_parental	bortezomib	sensitive	1	1	0	0
profile_id_390	-0.3387083750723561	-0.1548019219701433	0.1589311513540062	220055	E02	2021_03_12_Batch18	test	WT_parental	bortezomib	sensitive	1	1	0	0
profile_id_391	0.3684703797074971	-0.1548019219701433	0.1589311513540062	220055	E03	2021_03_12_Batch18	test	CloneA	bortezomib	resistant	1	1	0	0
profile_id_392	0.086547757431975	-0.1548019219701433	0.1589311513540062	220055	E04	2021_03_12_Batch18	test	CloneE	bortezomib	resistant	1	0	0	0
profile_id_395	-0.3656566470320678	-0.1548019219701433	0.1589311513540062	220055	E07	2021_03_12_Batch18	test	WT_parental	bortezomib	sensitive	1	1	0	0
profile_id_396	0.1689630719588424	-0.1548019219701433	0.1589311513540062	220055	E08	2021_03_12_Batch18	test	CloneA	bortezomib	resistant	1	1	0	0
profile_id_397	0.0796000797579674	-0.1548019219701433	0.1589311513540062	220055	E09	2021_03_12_Batch18	test	CloneE	bortezomib	resistant	1	0	0	0
profile_id_403	-0.1470762877159692	-0.1548019219701433	0.1589311513540062	220055	F05	2021_03_12_Batch18	validation	WT clone 04	bortezomib	sensitive	1	0	0	0
profile_id_410	0.165624992809127	-0.1548019219701433	0.1589311513540062	220055	G02	2021_03_12_Batch18	validation	BZ003	bortezomib	resistant	1	1	0	0
profile_id_413	-0.2495223143016172	-0.1548019219701433	0.1589311513540062	220055	G05	2021_03_12_Batch18	test	WT_parental	bortezomib	sensitive	1	1	0	0
profile_id_414	0.0162937471939615	-0.1548019219701433	0.1589311513540062	220055	G06	2021_03_12_Batch18	test	WT_parental	bortezomib	sensitive	0	0	0	1
profile_id_418	-0.3409598573829364	-0.1548019219701433	0.1589311513540062	220055	G10	2021_03_12_Batch18	test	WT_parental	bortezomib	sensitive	1	1	0	0
profile_id_419	-0.3240516381064366	-0.1548019219701433	0.1589311513540062	220055	G11	2021_03_12_Batch18	test	WT_parental	bortezomib	sensitive	1	1	0	0
profile_id_420	0.0328980322383773	-0.1548019219701433	0.1589311513540062	MutClones	B02	2019_06_25_Batch3	inference	BZ001	untreated_mystery_clones	resistant	1	0	0	0
profile_id_421	0.2544682446893646	-0.1548019219701433	0.1589311513540062	MutClones	B03	2019_06_25_Batch3	inference	BZ002	untreated_mystery_clones	resistant	1	1	0	0
profile_id_422	0.0718605191797522	-0.1548019219701433	0.1589311513540062	MutClones	B04	2019_06_25_Batch3	inference	BZ003	untreated_mystery_clones	resistant	1	0	0	0
profile_id_423	0.0168597607823465	-0.1548019219701433	0.1589311513540062	MutClones	B05	2019_06_25_Batch3	inference	BZ004	untreated_mystery_clones	resistant	1	0	0	0
profile_id_424	-0.0277665653424721	-0.1548019219701433	0.1589311513540062	MutClones	B06	2019_06_25_Batch3	inference	BZ005	untreated_mystery_clones	resistant	0	0	0	1
profile_id_425	-0.1662599868442179	-0.1548019219701433	0.1589311513540062	MutClones	B07	2019_06_25_Batch3	inference	BZ006	untreated_mystery_clones	resistant	0	0	1	1
profile_id_426	-0.2418427375890006	-0.1548019219701433	0.1589311513540062	MutClones	B08	2019_06_25_Batch3	inference	BZ007	untreated_mystery_clones	resistant	0	0	1	1
profile_id_427	0.0360133261578009	-0.1548019219701433	0.1589311513540062	MutClones	B09	2019_06_25_Batch3	inference	BZ008	untreated_mystery_clones	resistant	1	0	0	0
profile_id_428	0.0222630946116904	-0.1548019219701433	0.1589311513540062	MutClones	B10	2019_06_25_Batch3	inference	BZ009	untreated_mystery_clones	resistant	1	0	0	0
profile_id_429	0.1020298588057705	-0.1548019219701433	0.1589311513540062	MutClones	B11	2019_06_25_Batch3	inference	BZ010	untreated_mystery_clones	resistant	1	0	0	0
profile_id_430	0.0499777897902643	-0.1548019219701433	0.1589311513540062	MutClones	C02	2019_06_25_Batch3	inference	BZ001	untreated_mystery_clones	resistant	1	0	0	0
profile_id_431	0.2563095835736684	-0.1548019219701433	0.1589311513540062	MutClones	C03	2019_06_25_Batch3	inference	BZ002	untreated_mystery_clones	resistant	1	1	0	0
profile_id_432	0.0912204066812606	-0.1548019219701433	0.1589311513540062	MutClones	C04	2019_06_25_Batch3	inference	BZ003	untreated_mystery_clones	resistant	1	0	0	0
profile_id_433	0.0508855655976363	-0.1548019219701433	0.1589311513540062	MutClones	C05	2019_06_25_Batch3	inference	BZ004	untreated_mystery_clones	resistant	1	0	0	0
profile_id_434	0.031304622670285	-0.1548019219701433	0.1589311513540062	MutClones	C06	2019_06_25_Batch3	inference	BZ005	untreated_mystery_clones	resistant	1	0	0	0
profile_id_435	-0.1395343922517032	-0.1548019219701433	0.1589311513540062	MutClones	C07	2019_06_25_Batch3	inference	BZ006	untreated_mystery_clones	resistant	0	0	0	1
profile_id_436	-0.1853800227768505	-0.1548019219701433	0.1589311513540062	MutClones	C08	2019_06_25_Batch3	inference	BZ007	untreated_mystery_clones	resistant	0	0	1	1
profile_id_437	0.0323371201748922	-0.1548019219701433	0.1589311513540062	MutClones	C09	2019_06_25_Batch3	inference	BZ008	untreated_mystery_clones	resistant	1	0	0	0
profile_id_438	0.0071424824184753	-0.1548019219701433	0.1589311513540062	MutClones	C10	2019_06_25_Batch3	inference	BZ009	untreated_mystery_clones	resistant	1	0	0	0
profile_id_440	0.0602904884181562	-0.1548019219701433	0.1589311513540062	MutClones	D02	2019_06_25_Batch3	inference	BZ001	untreated_mystery_clones	resistant	1	0	0	0
profile_id_441	0.2721683149106363	-0.1548019219701433	0.1589311513540062	MutClones	D03	2019_06_25_Batch3	inference	BZ002	untreated_mystery_clones	resistant	1	1	0	0
profile_id_442	0.1045092957853431	-0.1548019219701433	0.1589311513540062	MutClones	D04	2019_06_25_Batch3	inference	BZ003	untreated_mystery_clones	resistant	1	0	0	0
profile_id_443	0.0406027011028305	-0.1548019219701433	0.1589311513540062	MutClones	D05	2019_06_25_Batch3	inference	BZ004	untreated_mystery_clones	resistant	1	0	0	0
profile_id_444	0.0784954897566174	-0.1548019219701433	0.1589311513540062	MutClones	D06	2019_06_25_Batch3	inference	BZ005	untreated_mystery_clones	resistant	1	0	0	0
profile_id_445	-0.0722234185704263	-0.1548019219701433	0.1589311513540062	MutClones	D07	2019_06_25_Batch3	inference	BZ006	untreated_mystery_clones	resistant	0	0	0	1
profile_id_446	-0.0954540531339678	-0.1548019219701433	0.1589311513540062	MutClones	D08	2019_06_25_Batch3	inference	BZ007	untreated_mystery_clones	resistant	0	0	0	1
profile_id_447	0.0498702263149901	-0.1548019219701433	0.1589311513540062	MutClones	D09	2019_06_25_Batch3	inference	BZ008	untreated_mystery_clones	resistant	1	0	0	0
profile_id_448	0.0258029816171884	-0.1548019219701433	0.1589311513540062	MutClones	D10	2019_06_25_Batch3	inference	BZ009	untreated_mystery_clones	resistant	1	0	0	0
profile_id_450	0.025991602210877	-0.1548019219701433	0.1589311513540062	MutClones	E02	2019_06_25_Batch3	inference	BZ011	untreated_mystery_clones	resistant	1	0	0	0
profile_id_451	0.1101958701122518	-0.1548019219701433	0.1589311513540062	MutClones	E03	2019_06_25_Batch3	inference	BZ012	untreated_mystery_clones	resistant	1	0	0	0
profile_id_452	0.1094508357456314	-0.1548019219701433	0.1589311513540062	MutClones	E04	2019_06_25_Batch3	inference	BZ013	untreated_mystery_clones	resistant	1	0	0	0
profile_id_453	0.154860116107351	-0.1548019219701433	0.1589311513540062	MutClones	E05	2019_06_25_Batch3	inference	BZ014	untreated_mystery_clones	resistant	1	0	0	0
profile_id_454	0.1193156708234386	-0.1548019219701433	0.1589311513540062	MutClones	E06	2019_06_25_Batch3	inference	BZ015	untreated_mystery_clones	resistant	1	0	0	0
profile_id_455	-0.0123574952738385	-0.1548019219701433	0.1589311513540062	MutClones	E07	2019_06_25_Batch3	inference	BZ016	untreated_mystery_clones	resistant	0	0	0	1
profile_id_456	0.1201592800740845	-0.1548019219701433	0.1589311513540062	MutClones	E08	2019_06_25_Batch3	inference	BZ017	untreated_mystery_clones	resistant	1	0	0	0
profile_id_457	0.0814921662309956	-0.1548019219701433	0.1589311513540062	MutClones	E09	2019_06_25_Batch3	inference	BZ018	untreated_mystery_clones	resistant	1	0	0	0
profile_id_458	0.2064076215391767	-0.1548019219701433	0.1589311513540062	MutClones	E10	2019_06_25_Batch3	inference	WT_parental	untreated_mystery_clones	sensitive	0	0	1	1
profile_id_459	0.0159352781800405	-0.1548019219701433	0.1589311513540062	MutClones	F02	2019_06_25_Batch3	inference	BZ011	untreated_mystery_clones	resistant	1	0	0	0
profile_id_460	0.1124972051473611	-0.1548019219701433	0.1589311513540062	MutClones	F03	2019_06_25_Batch3	inference	BZ012	untreated_mystery_clones	resistant	1	0	0	0
profile_id_461	0.094183661575912	-0.1548019219701433	0.1589311513540062	MutClones	F04	2019_06_25_Batch3	inference	BZ013	untreated_mystery_clones	resistant	1	0	0	0
profile_id_462	0.1271648282960149	-0.1548019219701433	0.1589311513540062	MutClones	F05	2019_06_25_Batch3	inference	BZ014	untreated_mystery_clones	resistant	1	0	0	0
profile_id_463	0.1111935997459097	-0.1548019219701433	0.1589311513540062	MutClones	F06	2019_06_25_Batch3	inference	BZ015	untreated_mystery_clones	resistant	1	0	0	0
profile_id_464	-0.0059052168153674	-0.1548019219701433	0.1589311513540062	MutClones	F07	2019_06_25_Batch3	inference	BZ016	untreated_mystery_clones	resistant	0	0	0	1
profile_id_465	0.0903514535982232	-0.1548019219701433	0.1589311513540062	MutClones	F08	2019_06_25_Batch3	inference	BZ017	untreated_mystery_clones	resistant	1	0	0	0
profile_id_466	0.0860402935295182	-0.1548019219701433	0.1589311513540062	MutClones	F09	2019_06_25_Batch3	inference	BZ018	untreated_mystery_clones	resistant	1	0	0	0
profile_id_467	0.0498046455532408	-0.1548019219701433	0.1589311513540062	MutClones	F10	2019_06_25_Batch3	inference	WT_parental	untreated_mystery_clones	sensitive	0	0	0	1
profile_id_468	-0.0306304263925619	-0.1548019219701433	0.1589311513540062	MutClones	G02	2019_06_25_Batch3	inference	BZ011	untreated_mystery_clones	resistant	0	0	0	1
profile_id_469	0.1105718489019249	-0.1548019219701433	0.1589311513540062	MutClones	G03	2019_06_25_Batch3	inference	BZ012	untreated_mystery_clones	resistant	1	0	0	0
profile_id_470	0.0711783889721539	-0.1548019219701433	0.1589311513540062	MutClones	G04	2019_06_25_Batch3	inference	BZ013	untreated_mystery_clones	resistant	1	0	0	0
profile_id_471	0.1131978478580019	-0.1548019219701433	0.1589311513540062	MutClones	G05	2019_06_25_Batch3	inference	BZ014	untreated_mystery_clones	resistant	1	0	0	0
profile_id_472	0.0854350816934308	-0.1548019219701433	0.1589311513540062	MutClones	G06	2019_06_25_Batch3	inference	BZ015	untreated_mystery_clones	resistant	1	0	0	0
profile_id_473	-0.0100539110934524	-0.1548019219701433	0.1589311513540062	MutClones	G07	2019_06_25_Batch3	inference	BZ016	untreated_mystery_clones	resistant	0	0	0	1
profile_id_474	0.0860632963332556	-0.1548019219701433	0.1589311513540062	MutClones	G08	2019_06_25_Batch3	inference	BZ017	untreated_mystery_clones	resistant	1	0	0	0
profile_id_475	0.0538711960921024	-0.1548019219701433	0.1589311513540062	MutClones	G09	2019_06_25_Batch3	inference	BZ018	untreated_mystery_clones	resistant	1	0	0	0
profile_id_476	-0.1528611692666307	-0.1548019219701433	0.1589311513540062	MutClones	G10	2019_06_25_Batch3	inference	WT_parental	untreated_mystery_clones	sensitive	1	0	0	0
profile_id_477	-0.1892187025402382	-0.1548019219701433	0.1589311513540062	WTClones	B02	2019_06_25_Batch3	inference	WT001	untreated_mystery_clones	sensitive	1	1	0	0
profile_id_478	-0.130979810137942	-0.1548019219701433	0.1589311513540062	WTClones	B03	2019_06_25_Batch3	inference	WT001	untreated_mystery_clones	sensitive	1	0	0	0
profile_id_479	-0.1218535456309151	-0.1548019219701433	0.1589311513540062	WTClones	B04	2019_06_25_Batch3	inference	WT001	untreated_mystery_clones	sensitive	1	0	0	0
profile_id_480	-0.1042282445091132	-0.1548019219701433	0.1589311513540062	WTClones	B05	2019_06_25_Batch3	inference	WT002	untreated_mystery_clones	sensitive	1	0	0	0
profile_id_481	-0.103935388216377	-0.1548019219701433	0.1589311513540062	WTClones	B06	2019_06_25_Batch3	inference	WT002	untreated_mystery_clones	sensitive	1	0	0	0
profile_id_482	-0.0946266153577103	-0.1548019219701433	0.1589311513540062	WTClones	B07	2019_06_25_Batch3	inference	WT002	untreated_mystery_clones	sensitive	1	0	0	0
profile_id_483	-0.0423414501990178	-0.1548019219701433	0.1589311513540062	WTClones	B08	2019_06_25_Batch3	inference	WT003	untreated_mystery_clones	sensitive	1	0	0	0
profile_id_484	-0.0569597399639701	-0.1548019219701433	0.1589311513540062	WTClones	B09	2019_06_25_Batch3	inference	WT003	untreated_mystery_clones	sensitive	1	0	0	0
profile_id_485	-0.0699860583354299	-0.1548019219701433	0.1589311513540062	WTClones	B10	2019_06_25_Batch3	inference	WT003	untreated_mystery_clones	sensitive	1	0	0	0
profile_id_486	-0.1524828414584445	-0.1548019219701433	0.1589311513540062	WTClones	B11	2019_06_25_Batch3	inference	WT_parental	untreated_mystery_clones	sensitive	1	0	0	0
profile_id_487	0.0011759953702283	-0.1548019219701433	0.1589311513540062	WTClones	C02	2019_06_25_Batch3	inference	WT004	untreated_mystery_clones	sensitive	0	0	0	1
profile_id_488	-0.0430115396892725	-0.1548019219701433	0.1589311513540062	WTClones	C03	2019_06_25_Batch3	inference	WT004	untreated_mystery_clones	sensitive	1	0	0	0
profile_id_489	0.0211752433647098	-0.1548019219701433	0.1589311513540062	WTClones	C04	2019_06_25_Batch3	inference	WT004	untreated_mystery_clones	sensitive	0	0	0	1
profile_id_490	-0.0133331169679546	-0.1548019219701433	0.1589311513540062	WTClones	C05	2019_06_25_Batch3	inference	WT005	untreated_mystery_clones	sensitive	1	0	0	0
profile_id_491	-0.0372026685873009	-0.1548019219701433	0.1589311513540062	WTClones	C06	2019_06_25_Batch3	inference	WT005	untreated_mystery_clones	sensitive	1	0	0	0
profile_id_492	-0.0730413244450308	-0.1548019219701433	0.1589311513540062	WTClones	C07	2019_06_25_Batch3	inference	WT005	untreated_mystery_clones	sensitive	1	0	0	0
profile_id_493	0.0247967228091677	-0.1548019219701433	0.1589311513540062	WTClones	C08	2019_06_25_Batch3	inference	WT006	untreated_mystery_clones	sensitive	0	0	0	1
profile_id_494	0.0032693943277881	-0.1548019219701433	0.1589311513540062	WTClones	C09	2019_06_25_Batch3	inference	WT006	untreated_mystery_clones	sensitive	0	0	0	1
profile_id_495	-0.0243431305302607	-0.1548019219701433	0.1589311513540062	WTClones	C10	2019_06_25_Batch3	inference	WT006	untreated_mystery_clones	sensitive	1	0	0	0
profile_id_496	0.1529630719268829	-0.1548019219701433	0.1589311513540062	WTClones	C11	2019_06_25_Batch3	inference	WT_parental	untreated_mystery_clones	sensitive	0	0	0	1
profile_id_497	-0.0233080243367267	-0.1548019219701433	0.1589311513540062	WTClones	D02	2019_06_25_Batch3	inference	WT007	untreated_mystery_clones	sensitive	1	0	0	0
profile_id_498	-0.0581203788254166	-0.1548019219701433	0.1589311513540062	WTClones	D03	2019_06_25_Batch3	inference	WT007	untreated_mystery_clones	sensitive	1	0	0	0
profile_id_499	-0.0344079917253187	-0.1548019219701433	0.1589311513540062	WTClones	D04	2019_06_25_Batch3	inference	WT007	untreated_mystery_clones	sensitive	1	0	0	0
profile_id_500	-0.0662876525296021	-0.1548019219701433	0.1589311513540062	WTClones	D05	2019_06_25_Batch3	inference	WT008	untreated_mystery_clones	sensitive	1	0	0	0
profile_id_501	-0.0787100134728197	-0.1548019219701433	0.1589311513540062	WTClones	D06	2019_06_25_Batch3	inference	WT008	untreated_mystery_clones	sensitive	1	0	0	0
profile_id_502	-0.0982044222334889	-0.1548019219701433	0.1589311513540062	WTClones	D07	2019_06_25_Batch3	inference	WT008	untreated_mystery_clones	sensitive	1	0	0	0
profile_id_503	-0.0459914174853395	-0.1548019219701433	0.1589311513540062	WTClones	D08	2019_06_25_Batch3	inference	WT009	untreated_mystery_clones	sensitive	1	0	0	0
profile_id_504	-0.0713372912857102	-0.1548019219701433	0.1589311513540062	WTClones	D09	2019_06_25_Batch3	inference	WT009	untreated_mystery_clones	sensitive	1	0	0	0
profile_id_505	-0.0710427291581016	-0.1548019219701433	0.1589311513540062	WTClones	D10	2019_06_25_Batch3	inference	WT009	untreated_mystery_clones	sensitive	1	0	0	0
profile_id_506	-0.0346979716688553	-0.1548019219701433	0.1589311513540062	WTClones	D11	2019_06_25_Batch3	inference	WT_parental	untreated_mystery_clones	sensitive	1	0	0	0
profile_id_507	0.0017640409944957	-0.1548019219701433	0.1589311513540062	WTClones	E02	2019_06_25_Batch3	inference	WT010	untreated_mystery_clones	sensitive	0	0	0	1
profile_id_508	0.0063583576672474	-0.1548019219701433	0.1589311513540062	WTClones	E03	2019_06_25_Batch3	inference	WT010	untreated_mystery_clones	sensitive	0	0	0	1
profile_id_509	-0.0297383786224102	-0.1548019219701433	0.1589311513540062	WTClones	E04	2019_06_25_Batch3	inference	WT010	untreated_mystery_clones	sensitive	1	0	0	0
profile_id_510	-0.1079710339810615	-0.1548019219701433	0.1589311513540062	WTClones	E05	2019_06_25_Batch3	inference	WT011	untreated_mystery_clones	sensitive	1	0	0	0
profile_id_511	-0.0919672707255661	-0.1548019219701433	0.1589311513540062	WTClones	E06	2019_06_25_Batch3	inference	WT011	untreated_mystery_clones	sensitive	1	0	0	0
profile_id_512	-0.1154626412734889	-0.1548019219701433	0.1589311513540062	WTClones	E07	2019_06_25_Batch3	inference	WT011	untreated_mystery_clones	sensitive	1	0	0	0
profile_id_513	-0.0609050803485776	-0.1548019219701433	0.1589311513540062	WTClones	E08	2019_06_25_Batch3	inference	WT012	untreated_mystery_clones	sensitive	1	0	0	0
profile_id_514	-0.0907962050982714	-0.1548019219701433	0.1589311513540062	WTClones	E09	2019_06_25_Batch3	inference	WT012	untreated_mystery_clones	sensitive	1	0	0	0
profile_id_515	-0.061949442793633	-0.1548019219701433	0.1589311513540062	WTClones	E10	2019_06_25_Batch3	inference	WT012	untreated_mystery_clones	sensitive	1	0	0	0
profile_id_516	0.0562020057166481	-0.1548019219701433	0.1589311513540062	WTClones	F02	2019_06_25_Batch3	inference	WT013	untreated_mystery_clones	sensitive	0	0	0	1
profile_id_517	-0.0580802098098592	-0.1548019219701433	0.1589311513540062	WTClones	F03	2019_06_25_Batch3	inference	WT013	untreated_mystery_clones	sensitive	1	0	0	0
profile_id_518	-0.0476055807118925	-0.1548019219701433	0.1589311513540062	WTClones	F04	2019_06_25_Batch3	inference	WT013	untreated_mystery_clones	sensitive	1	0	0	0
profile_id_519	-0.0312988100479442	-0.1548019219701433	0.1589311513540062	WTClones	F05	2019_06_25_Batch3	inference	WT014	untreated_mystery_clones	sensitive	1	0	0	0
profile_id_520	-0.0955305120885925	-0.1548019219701433	0.1589311513540062	WTClones	F06	2019_06_25_Batch3	inference	WT014	untreated_mystery_clones	sensitive	1	0	0	0
profile_id_521	-0.1920820122900648	-0.1548019219701433	0.1589311513540062	WTClones	F07	2019_06_25_Batch3	inference	WT014	untreated_mystery_clones	sensitive	1	1	0	0
profile_id_522	0.0469475079694048	-0.1548019219701433	0.1589311513540062	WTClones	F08	2019_06_25_Batch3	inference	WT015	untreated_mystery_clones	sensitive	0	0	0	1
profile_id_523	0.0200065107762104	-0.1548019219701433	0.1589311513540062	WTClones	F09	2019_06_25_Batch3	inference	WT015	untreated_mystery_clones	sensitive	0	0	0	1
profile_id_524	-0.0499749454005002	-0.1548019219701433	0.1589311513540062	WTClones	F10	2019_06_25_Batch3	inference	WT015	untreated_mystery_clones	sensitive	1	0	0	0
profile_id_525	0.2996255648510639	-0.1583499885936774	0.1584611223373955	221057	B05	2021_08_02_Batch24	otherclone	WT clone 10	WT	sensitive	0	0	1	1
profile_id_526	-0.3962962258079856	-0.1583499885936774	0.1584611223373955	221057	B06	2021_08_02_Batch24	otherclone	WT clone 12	WT	sensitive	1	1	0	0
profile_id_527	0.1322833995596757	-0.1583499885936774	0.1584611223373955	221057	B10	2021_08_02_Batch24	otherclone	WT clone 10	WT	sensitive	0	0	0	1
profile_id_528	-0.2183279436941221	-0.1583499885936774	0.1584611223373955	221057	B11	2021_08_02_Batch24	otherclone	WT clone 12	WT	sensitive	1	1	0	0
profile_id_529	0.280254088059239	-0.1583499885936774	0.1584611223373955	221057	C02	2021_08_02_Batch24	otherclone	BZ007	WT	resistant	1	1	0	0
profile_id_530	-0.3509619063023496	-0.1583499885936774	0.1584611223373955	221057	C03	2021_08_02_Batch24	otherclone	BZ006	WT	resistant	0	0	1	1
profile_id_531	0.3427510359331439	-0.1583499885936774	0.1584611223373955	221057	C04	2021_08_02_Batch24	otherclone	WT clone 15	WT	sensitive	0	0	1	1
profile_id_532	-0.2571692124913837	-0.1583499885936774	0.1584611223373955	221057	C05	2021_08_02_Batch24	otherclone	WT clone 14	WT	sensitive	1	1	0	0
profile_id_533	-0.4745296162336546	-0.1583499885936774	0.1584611223373955	221057	C06	2021_08_02_Batch24	otherclone	WT clone 13	WT	sensitive	1	1	0	0
profile_id_534	0.216658318862101	-0.1583499885936774	0.1584611223373955	221057	C07	2021_08_02_Batch24	otherclone	BZ007	WT	resistant	1	1	0	0
profile_id_535	-0.3747265031353484	-0.1583499885936774	0.1584611223373955	221057	C08	2021_08_02_Batch24	otherclone	BZ006	WT	resistant	0	0	1	1
profile_id_536	0.2859107443595431	-0.1583499885936774	0.1584611223373955	221057	C09	2021_08_02_Batch24	otherclone	WT clone 15	WT	sensitive	0	0	1	1
profile_id_537	-0.4200949792877289	-0.1583499885936774	0.1584611223373955	221057	C10	2021_08_02_Batch24	otherclone	WT clone 14	WT	sensitive	1	1	0	0
profile_id_538	-0.2780786692052685	-0.1583499885936774	0.1584611223373955	221057	C11	2021_08_02_Batch24	otherclone	WT clone 13	WT	sensitive	1	1	0	0
profile_id_539	0.2161261702906111	-0.1583499885936774	0.1584611223373955	221057	D02	2021_08_02_Batch24	otherclone	BZ008	WT	resistant	1	1	0	0
profile_id_540	0.2469050202967981	-0.1583499885936774	0.1584611223373955	221057	D03	2021_08_02_Batch24	otherclone	BZ009	WT	resistant	1	1	0	0
profile_id_541	0.3277358299533035	-0.1583499885936774	0.1584611223373955	221057	D04	2021_08_02_Batch24	otherclone	BZ010	WT	resistant	1	1	0	0
profile_id_542	0.1554920180670523	-0.1583499885936774	0.1584611223373955	221057	D07	2021_08_02_Batch24	otherclone	BZ008	WT	resistant	1	0	0	0
profile_id_543	0.2019428084942043	-0.1583499885936774	0.1584611223373955	221057	D08	2021_08_02_Batch24	otherclone	BZ009	WT	resistant	1	1	0	0
profile_id_544	0.1648558849976785	-0.1583499885936774	0.1584611223373955	221057	D09	2021_08_02_Batch24	otherclone	BZ010	WT	resistant	1	1	0	0
profile_id_545	0.3239631983584099	-0.1583499885936774	0.1584611223373955	221057	E05	2021_08_02_Batch24	otherclone	WT clone 10	WT	sensitive	0	0	1	1
profile_id_546	-0.3751443407957337	-0.1583499885936774	0.1584611223373955	221057	E06	2021_08_02_Batch24	otherclone	WT clone 12	WT	sensitive	1	1	0	0
profile_id_547	0.0737566764858835	-0.1583499885936774	0.1584611223373955	221057	E10	2021_08_02_Batch24	otherclone	WT clone 10	WT	sensitive	0	0	0	1
profile_id_548	-0.2489388588512808	-0.1583499885936774	0.1584611223373955	221057	E11	2021_08_02_Batch24	otherclone	WT clone 12	WT	sensitive	1	1	0	0
profile_id_549	0.19352248796919	-0.1583499885936774	0.1584611223373955	221057	F02	2021_08_02_Batch24	otherclone	BZ007	WT	resistant	1	1	0	0
profile_id_550	-0.3644355449134897	-0.1583499885936774	0.1584611223373955	221057	F03	2021_08_02_Batch24	otherclone	BZ006	WT	resistant	0	0	1	1
profile_id_551	0.388378335574329	-0.1583499885936774	0.1584611223373955	221057	F04	2021_08_02_Batch24	otherclone	WT clone 15	WT	sensitive	0	0	1	1
profile_id_552	-0.3019075005087943	-0.1583499885936774	0.1584611223373955	221057	F05	2021_08_02_Batch24	otherclone	WT clone 14	WT	sensitive	1	1	0	0
profile_id_553	-0.445720046722138	-0.1583499885936774	0.1584611223373955	221057	F06	2021_08_02_Batch24	otherclone	WT clone 13	WT	sensitive	1	1	0	0
profile_id_554	0.2929040680973755	-0.1583499885936774	0.1584611223373955	221057	F07	2021_08_02_Batch24	otherclone	BZ007	WT	resistant	1	1	0	0
profile_id_555	-0.315149664918102	-0.1583499885936774	0.1584611223373955	221057	F08	2021_08_02_Batch24	otherclone	BZ006	WT	resistant	0	0	1	1
profile_id_556	0.2661127848800165	-0.1583499885936774	0.1584611223373955	221057	F09	2021_08_02_Batch24	otherclone	WT clone 15	WT	sensitive	0	0	1	1
profile_id_557	-0.3333476511604599	-0.1583499885936774	0.1584611223373955	221057	F10	2021_08_02_Batch24	otherclone	WT clone 14	WT	sensitive	1	1	0	0
profile_id_558	-0.3884593767130256	-0.1583499885936774	0.1584611223373955	221057	F11	2021_08_02_Batch24	otherclone	WT clone 13	WT	sensitive	1	1	0	0
profile_id_559	0.2408228001425646	-0.1583499885936774	0.1584611223373955	221057	G02	2021_08_02_Batch24	otherclone	BZ008	WT	resistant	1	1	0	0
profile_id_560	0.084543133796515	-0.1583499885936774	0.1584611223373955	221057	G03	2021_08_02_Batch24	otherclone	BZ009	WT	resistant	1	0	0	0
profile_id_561	0.0130279203381665	-0.1583499885936774	0.1584611223373955	221057	G04	2021_08_02_Batch24	otherclone	BZ010	WT	resistant	1	0	0	0
profile_id_562	0.2555843241077949	-0.1583499885936774	0.1584611223373955	221057	G07	2021_08_02_Batch24	otherclone	BZ008	WT	resistant	1	1	0	0
profile_id_563	0.1233284136576219	-0.1583499885936774	0.1584611223373955	221057	G08	2021_08_02_Batch24	otherclone	BZ009	WT	resistant	1	0	0	0
profile_id_564	0.1096752269375599	-0.1583499885936774	0.1584611223373955	221057	G09	2021_08_02_Batch24	otherclone	BZ010	WT	resistant	1	0	0	0
profile_id_565	0.1434123142070174	-0.1583499885936774	0.1584611223373955	221058	B05	2021_08_02_Batch25	otherclone	WT clone 10	WT	sensitive	0	0	0	1
profile_id_566	-0.4020434631384984	-0.1583499885936774	0.1584611223373955	221058	B06	2021_08_02_Batch25	otherclone	WT clone 12	WT	sensitive	1	1	0	0
profile_id_567	0.2617364715070127	-0.1583499885936774	0.1584611223373955	221058	B10	2021_08_02_Batch25	otherclone	WT clone 10	WT	sensitive	0	0	1	1
profile_id_568	-0.35817861850482	-0.1583499885936774	0.1584611223373955	221058	B11	2021_08_02_Batch25	otherclone	WT clone 12	WT	sensitive	1	1	0	0
profile_id_569	0.2253489443031411	-0.1583499885936774	0.1584611223373955	221058	C02	2021_08_02_Batch25	otherclone	BZ007	WT	resistant	1	1	0	0
profile_id_570	-0.3418126389915852	-0.1583499885936774	0.1584611223373955	221058	C03	2021_08_02_Batch25	otherclone	BZ006	WT	resistant	0	0	1	1
profile_id_571	0.2490756132760007	-0.1583499885936774	0.1584611223373955	221058	C04	2021_08_02_Batch25	otherclone	WT clone 15	WT	sensitive	0	0	1	1
profile_id_572	-0.2692174762566962	-0.1583499885936774	0.1584611223373955	221058	C05	2021_08_02_Batch25	otherclone	WT clone 14	WT	sensitive	1	1	0	0
profile_id_573	-0.5539947193105045	-0.1583499885936774	0.1584611223373955	221058	C06	2021_08_02_Batch25	otherclone	WT clone 13	WT	sensitive	1	1	0	0
profile_id_574	0.3488516008033836	-0.1583499885936774	0.1584611223373955	221058	C07	2021_08_02_Batch25	otherclone	BZ007	WT	resistant	1	1	0	0
profile_id_575	-0.3210281876149262	-0.1583499885936774	0.1584611223373955	221058	C08	2021_08_02_Batch25	otherclone	BZ006	WT	resistant	0	0	1	1
profile_id_576	0.1933288337644021	-0.1583499885936774	0.1584611223373955	221058	C09	2021_08_02_Batch25	otherclone	WT clone 15	WT	sensitive	0	0	1	1
profile_id_577	-0.2576533819602537	-0.1583499885936774	0.1584611223373955	221058	C10	2021_08_02_Batch25	otherclone	WT clone 14	WT	sensitive	1	1	0	0
profile_id_578	-0.4859321475935312	-0.1583499885936774	0.1584611223373955	221058	C11	2021_08_02_Batch25	otherclone	WT clone 13	WT	sensitive	1	1	0	0
profile_id_579	0.3053166374685263	-0.1583499885936774	0.1584611223373955	221058	D02	2021_08_02_Batch25	otherclone	BZ008	WT	resistant	1	1	0	0
profile_id_580	0.1248704244634905	-0.1583499885936774	0.1584611223373955	221058	D03	2021_08_02_Batch25	otherclone	BZ009	WT	resistant	1	0	0	0
profile_id_581	0.2464063012948939	-0.1583499885936774	0.1584611223373955	221058	D04	2021_08_02_Batch25	otherclone	BZ010	WT	resistant	1	1	0	0
profile_id_582	0.4491636159787463	-0.1583499885936774	0.1584611223373955	221058	D07	2021_08_02_Batch25	otherclone	BZ008	WT	resistant	1	1	0	0
profile_id_583	0.2264567462277639	-0.1583499885936774	0.1584611223373955	221058	D08	2021_08_02_Batch25	otherclone	BZ009	WT	resistant	1	1	0	0
profile_id_584	0.3889988160307506	-0.1583499885936774	0.1584611223373955	221058	D09	2021_08_02_Batch25	otherclone	BZ010	WT	resistant	1	1	0	0
profile_id_585	0.2585222351700548	-0.1583499885936774	0.1584611223373955	221058	E05	2021_08_02_Batch25	otherclone	WT clone 10	WT	sensitive	0	0	1	1
profile_id_586	-0.2845382983339162	-0.1583499885936774	0.1584611223373955	221058	E06	2021_08_02_Batch25	otherclone	WT clone 12	WT	sensitive	1	1	0	0
profile_id_587	0.2420204640100961	-0.1583499885936774	0.1584611223373955	221058	E10	2021_08_02_Batch25	otherclone	WT clone 10	WT	sensitive	0	0	1	1
profile_id_588	-0.4309436056903647	-0.1583499885936774	0.1584611223373955	221058	E11	2021_08_02_Batch25	otherclone	WT clone 12	WT	sensitive	1	1	0	0
profile_id_589	0.2472418327982044	-0.1583499885936774	0.1584611223373955	221058	F02	2021_08_02_Batch25	otherclone	BZ007	WT	resistant	1	1	0	0
profile_id_590	-0.3616669389610575	-0.1583499885936774	0.1584611223373955	221058	F03	2021_08_02_Batch25	otherclone	BZ006	WT	resistant	0	0	1	1
profile_id_591	0.2272316147274704	-0.1583499885936774	0.1584611223373955	221058	F04	2021_08_02_Batch25	otherclone	WT clone 15	WT	sensitive	0	0	1	1
profile_id_592	-0.226438149831203	-0.1583499885936774	0.1584611223373955	221058	F05	2021_08_02_Batch25	otherclone	WT clone 14	WT	sensitive	1	1	0	0
profile_id_593	-0.5405117245746072	-0.1583499885936774	0.1584611223373955	221058	F06	2021_08_02_Batch25	otherclone	WT clone 13	WT	sensitive	1	1	0	0
profile_id_594	0.3798307685566711	-0.1583499885936774	0.1584611223373955	221058	F07	2021_08_02_Batch25	otherclone	BZ007	WT	resistant	1	1	0	0
profile_id_595	-0.3465445290495927	-0.1583499885936774	0.1584611223373955	221058	F08	2021_08_02_Batch25	otherclone	BZ006	WT	resistant	0	0	1	1
profile_id_596	0.2275417291154037	-0.1583499885936774	0.1584611223373955	221058	F09	2021_08_02_Batch25	otherclone	WT clone 15	WT	sensitive	0	0	1	1
profile_id_597	-0.27230590427561	-0.1583499885936774	0.1584611223373955	221058	F10	2021_08_02_Batch25	otherclone	WT clone 14	WT	sensitive	1	1	0	0
profile_id_598	-0.5656531658505506	-0.1583499885936774	0.1584611223373955	221058	F11	2021_08_02_Batch25	otherclone	WT clone 13	WT	sensitive	1	1	0	0
profile_id_599	0.2067269082851129	-0.1583499885936774	0.1584611223373955	221058	G02	2021_08_02_Batch25	otherclone	BZ008	WT	resistant	1	1	0	0
profile_id_600	0.2640066261178132	-0.1583499885936774	0.1584611223373955	221058	G03	2021_08_02_Batch25	otherclone	BZ009	WT	resistant	1	1	0	0
profile_id_601	0.2633521647915426	-0.1583499885936774	0.1584611223373955	221058	G04	2021_08_02_Batch25	otherclone	BZ010	WT	resistant	1	1	0	0
profile_id_602	0.3076717202843725	-0.1583499885936774	0.1584611223373955	221058	G07	2021_08_02_Batch25	otherclone	BZ008	WT	resistant	1	1	0	0
profile_id_603	0.1780154702204536	-0.1583499885936774	0.1584611223373955	221058	G08	2021_08_02_Batch25	otherclone	BZ009	WT	resistant	1	1	0	0
profile_id_604	0.1490647478668995	-0.1583499885936774	0.1584611223373955	221058	G09	2021_08_02_Batch25	otherclone	BZ010	WT	resistant	1	0	0	0
profile_id_605	0.2039946761652666	-0.1583499885936774	0.1584611223373955	221093	B05	2021_08_03_Batch26	otherclone	WT clone 10	WT	sensitive	0	0	1	1
profile_id_606	-0.3298863803714862	-0.1583499885936774	0.1584611223373955	221093	B06	2021_08_03_Batch26	otherclone	WT clone 12	WT	sensitive	1	1	0	0
profile_id_607	0.3037105599791675	-0.1583499885936774	0.1584611223373955	221093	B10	2021_08_03_Batch26	otherclone	WT clone 10	WT	sensitive	0	0	1	1
profile_id_608	-0.3685633856598779	-0.1583499885936774	0.1584611223373955	221093	B11	2021_08_03_Batch26	otherclone	WT clone 12	WT	sensitive	1	1	0	0
profile_id_609	0.5223416828637086	-0.1583499885936774	0.1584611223373955	221093	C04	2021_08_03_Batch26	otherclone	WT clone 15	WT	sensitive	0	0	1	1
profile_id_610	-0.1778447429157437	-0.1583499885936774	0.1584611223373955	221093	C05	2021_08_03_Batch26	otherclone	WT clone 14	WT	sensitive	1	1	0	0
profile_id_611	-0.275058063103522	-0.1583499885936774	0.1584611223373955	221093	C06	2021_08_03_Batch26	otherclone	WT clone 13	WT	sensitive	1	1	0	0
profile_id_612	0.3530029117602541	-0.1583499885936774	0.1584611223373955	221093	C09	2021_08_03_Batch26	otherclone	WT clone 15	WT	sensitive	0	0	1	1
profile_id_613	-0.1098850526167363	-0.1583499885936774	0.1584611223373955	221093	C10	2021_08_03_Batch26	otherclone	WT clone 14	WT	sensitive	1	0	0	0
profile_id_614	-0.3389411116718926	-0.1583499885936774	0.1584611223373955	221093	C11	2021_08_03_Batch26	otherclone	WT clone 13	WT	sensitive	1	1	0	0
profile_id_615	0.3163468773586063	-0.1583499885936774	0.1584611223373955	221093	E05	2021_08_03_Batch26	otherclone	WT clone 10	WT	sensitive	0	0	1	1
profile_id_616	-0.3287332919266886	-0.1583499885936774	0.1584611223373955	221093	E06	2021_08_03_Batch26	otherclone	WT clone 12	WT	sensitive	1	1	0	0
profile_id_617	0.2388250238161714	-0.1583499885936774	0.1584611223373955	221093	E10	2021_08_03_Batch26	otherclone	WT clone 10	WT	sensitive	0	0	1	1
profile_id_618	-0.2747776989551566	-0.1583499885936774	0.1584611223373955	221093	E11	2021_08_03_Batch26	otherclone	WT clone 12	WT	sensitive	1	1	0	0
profile_id_619	0.4898740683185347	-0.1583499885936774	0.1584611223373955	221093	F04	2021_08_03_Batch26	otherclone	WT clone 15	WT	sensitive	0	0	1	1
profile_id_620	-0.1448305900632233	-0.1583499885936774	0.1584611223373955	221093	F05	2021_08_03_Batch26	otherclone	WT clone 14	WT	sensitive	1	0	0	0
profile_id_621	-0.3724129276364233	-0.1583499885936774	0.1584611223373955	221093	F06	2021_08_03_Batch26	otherclone	WT clone 13	WT	sensitive	1	1	0	0
profile_id_622	0.3444956056415307	-0.1583499885936774	0.1584611223373955	221093	F09	2021_08_03_Batch26	otherclone	WT clone 15	WT	sensitive	0	0	1	1
profile_id_623	-0.1924811776502297	-0.1583499885936774	0.1584611223373955	221093	F10	2021_08_03_Batch26	otherclone	WT clone 14	WT	sensitive	1	1	0	0
profile_id_624	-0.2163896278975702	-0.1583499885936774	0.1584611223373955	221093	F11	2021_08_03_Batch26	otherclone	WT clone 13	WT	sensitive	1	1	0	0
profile_id_625	0.1217267345855807	-0.1583499885936774	0.1584611223373955	221094	B05	2021_08_03_Batch27	otherclone	WT clone 10	WT	sensitive	0	0	0	1
profile_id_626	-0.3244530366321607	-0.1583499885936774	0.1584611223373955	221094	B06	2021_08_03_Batch27	otherclone	WT clone 12	WT	sensitive	1	1	0	0
profile_id_627	0.2882926011925216	-0.1583499885936774	0.1584611223373955	221094	B10	2021_08_03_Batch27	otherclone	WT clone 10	WT	sensitive	0	0	1	1
profile_id_628	-0.2117308011041601	-0.1583499885936774	0.1584611223373955	221094	B11	2021_08_03_Batch27	otherclone	WT clone 12	WT	sensitive	1	1	0	0
profile_id_629	0.1600083457272023	-0.1583499885936774	0.1584611223373955	221094	C04	2021_08_03_Batch27	otherclone	WT clone 15	WT	sensitive	0	0	1	1
profile_id_630	-0.2005044900769787	-0.1583499885936774	0.1584611223373955	221094	C05	2021_08_03_Batch27	otherclone	WT clone 14	WT	sensitive	1	1	0	0
profile_id_631	-0.2157345553470948	-0.1583499885936774	0.1584611223373955	221094	C06	2021_08_03_Batch27	otherclone	WT clone 13	WT	sensitive	1	1	0	0
profile_id_632	0.394141644505994	-0.1583499885936774	0.1584611223373955	221094	C09	2021_08_03_Batch27	otherclone	WT clone 15	WT	sensitive	0	0	1	1
profile_id_633	-0.0415529030608957	-0.1583499885936774	0.1584611223373955	221094	C10	2021_08_03_Batch27	otherclone	WT clone 14	WT	sensitive	1	0	0	0
profile_id_634	-0.0764924041689933	-0.1583499885936774	0.1584611223373955	221094	C11	2021_08_03_Batch27	otherclone	WT clone 13	WT	sensitive	1	0	0	0
profile_id_635	0.3915082709101639	-0.1583499885936774	0.1584611223373955	221094	E05	2021_08_03_Batch27	otherclone	WT clone 10	WT	sensitive	0	0	1	1
profile_id_636	-0.3950573302736647	-0.1583499885936774	0.1584611223373955	221094	E06	2021_08_03_Batch27	otherclone	WT clone 12	WT	sensitive	1	1	0	0
profile_id_637	0.4080794180148436	-0.1583499885936774	0.1584611223373955	221094	E10	2021_08_03_Batch27	otherclone	WT clone 10	WT	sensitive	0	0	1	1
profile_id_638	-0.1700343003044072	-0.1583499885936774	0.1584611223373955	221094	E11	2021_08_03_Batch27	otherclone	WT clone 12	WT	sensitive	1	1	0	0
profile_id_639	0.1165475162980337	-0.1583499885936774	0.1584611223373955	221094	F04	2021_08_03_Batch27	otherclone	WT clone 15	WT	sensitive	0	0	0	1
profile_id_640	-0.1752742654890765	-0.1583499885936774	0.1584611223373955	221094	F05	2021_08_03_Batch27	otherclone	WT clone 14	WT	sensitive	1	1	0	0
profile_id_641	-0.2702651584881193	-0.1583499885936774	0.1584611223373955	221094	F06	2021_08_03_Batch27	otherclone	WT clone 13	WT	sensitive	1	1	0	0
profile_id_642	0.3070918363009587	-0.1583499885936774	0.1584611223373955	221094	F09	2021_08_03_Batch27	otherclone	WT clone 15	WT	sensitive	0	0	1	1
profile_id_643	-0.1214131166445251	-0.1583499885936774	0.1584611223373955	221094	F10	2021_08_03_Batch27	otherclone	WT clone 14	WT	sensitive	1	0	0	0
profile_id_644	-0.0555471009532093	-0.1583499885936774	0.1584611223373955	221094	F11	2021_08_03_Batch27	otherclone	WT clone 13	WT	sensitive	1	0	0	0
profile_id_1145	-0.576463964266283	-0.1563058852677357	0.1566529325786304	221057	B02	2021_08_02_Batch24	otherclone	WT_parental	2021_08_02_Batch24	sensitive	1	1	0	0
profile_id_1146	0.2382755252661069	-0.1563058852677357	0.1566529325786304	221057	B03	2021_08_02_Batch24	otherclone	CloneA	2021_08_02_Batch24	resistant	1	1	0	0
profile_id_1147	0.2617121304019116	-0.1563058852677357	0.1566529325786304	221057	B04	2021_08_02_Batch24	otherclone	CloneE	2021_08_02_Batch24	resistant	1	1	0	0
profile_id_1150	-0.1934027918931951	-0.1563058852677357	0.1566529325786304	221057	B07	2021_08_02_Batch24	otherclone	WT_parental	2021_08_02_Batch24	sensitive	1	1	0	0
profile_id_1151	0.3100861957162594	-0.1563058852677357	0.1566529325786304	221057	B08	2021_08_02_Batch24	otherclone	CloneA	2021_08_02_Batch24	resistant	1	1	0	0
profile_id_1152	0.2262764191076004	-0.1563058852677357	0.1566529325786304	221057	B09	2021_08_02_Batch24	otherclone	CloneE	2021_08_02_Batch24	resistant	1	1	0	0
profile_id_1168	-0.3268517680471097	-0.1563058852677357	0.1566529325786304	221057	D05	2021_08_02_Batch24	otherclone	WT_parental	2021_08_02_Batch24	sensitive	1	1	0	0
profile_id_1169	-0.278077466731506	-0.1563058852677357	0.1566529325786304	221057	D06	2021_08_02_Batch24	otherclone	WT_parental	2021_08_02_Batch24	sensitive	1	1	0	0
profile_id_1173	-0.2440910279509552	-0.1563058852677357	0.1566529325786304	221057	D10	2021_08_02_Batch24	otherclone	WT_parental	2021_08_02_Batch24	sensitive	1	1	0	0
profile_id_1174	-0.1178647763683241	-0.1563058852677357	0.1566529325786304	221057	D11	2021_08_02_Batch24	otherclone	WT_parental	2021_08_02_Batch24	sensitive	1	0	0	0
profile_id_1175	-0.5272617420883778	-0.1563058852677357	0.1566529325786304	221057	E02	2021_08_02_Batch24	otherclone	WT_parental	2021_08_02_Batch24	sensitive	1	1	0	0
profile_id_1176	0.36737129871385	-0.1563058852677357	0.1566529325786304	221057	E03	2021_08_02_Batch24	otherclone	CloneA	2021_08_02_Batch24	resistant	1	1	0	0
profile_id_1177	0.3718691897746169	-0.1563058852677357	0.1566529325786304	221057	E04	2021_08_02_Batch24	otherclone	CloneE	2021_08_02_Batch24	resistant	1	1	0	0
profile_id_1180	-0.3360626012155323	-0.1563058852677357	0.1566529325786304	221057	E07	2021_08_02_Batch24	otherclone	WT_parental	2021_08_02_Batch24	sensitive	1	1	0	0
profile_id_1181	0.1812263867710436	-0.1563058852677357	0.1566529325786304	221057	E08	2021_08_02_Batch24	otherclone	CloneA	2021_08_02_Batch24	resistant	1	1	0	0
profile_id_1182	0.235224849330437	-0.1563058852677357	0.1566529325786304	221057	E09	2021_08_02_Batch24	otherclone	CloneE	2021_08_02_Batch24	resistant	1	1	0	0
profile_id_1198	-0.394429726858045	-0.1563058852677357	0.1566529325786304	221057	G05	2021_08_02_Batch24	otherclone	WT_parental	2021_08_02_Batch24	sensitive	1	1	0	0
profile_id_1199	-0.1562758751580075	-0.1563058852677357	0.1566529325786304	221057	G06	2021_08_02_Batch24	otherclone	WT_parental	2021_08_02_Batch24	sensitive	1	0	0	0
profile_id_1203	-0.2439764573694368	-0.1563058852677357	0.1566529325786304	221057	G10	2021_08_02_Batch24	otherclone	WT_parental	2021_08_02_Batch24	sensitive	1	1	0	0
profile_id_1204	0.0461237734927418	-0.1563058852677357	0.1566529325786304	221057	G11	2021_08_02_Batch24	otherclone	WT_parental	2021_08_02_Batch24	sensitive	0	0	0	1
profile_id_1205	-0.3603596302600118	-0.1563058852677357	0.1566529325786304	221058	B02	2021_08_02_Batch25	otherclone	WT_parental	2021_08_02_Batch24	sensitive	1	1	0	0
profile_id_1206	-0.0123924309318246	-0.1563058852677357	0.1566529325786304	221058	B03	2021_08_02_Batch25	otherclone	CloneA	2021_08_02_Batch24	resistant	0	0	0	1
profile_id_1207	0.1099922645382194	-0.1563058852677357	0.1566529325786304	221058	B04	2021_08_02_Batch25	otherclone	CloneE	2021_08_02_Batch24	resistant	1	0	0	0
profile_id_1210	-0.3998959568565516	-0.1563058852677357	0.1566529325786304	221058	B07	2021_08_02_Batch25	otherclone	WT_parental	2021_08_02_Batch24	sensitive	1	1	0	0
profile_id_1211	0.2350726105591929	-0.1563058852677357	0.1566529325786304	221058	B08	2021_08_02_Batch25	otherclone	CloneA	2021_08_02_Batch24	resistant	1	1	0	0
profile_id_1212	0.2203402935231263	-0.1563058852677357	0.1566529325786304	221058	B09	2021_08_02_Batch25	otherclone	CloneE	2021_08_02_Batch24	resistant	1	1	0	0
profile_id_1228	-0.3275431624960881	-0.1563058852677357	0.1566529325786304	221058	D05	2021_08_02_Batch25	otherclone	WT_parental	2021_08_02_Batch24	sensitive	1	1	0	0
profile_id_1229	-0.1859499074518665	-0.1563058852677357	0.1566529325786304	221058	D06	2021_08_02_Batch25	otherclone	WT_parental	2021_08_02_Batch24	sensitive	1	1	0	0
profile_id_1233	-0.2378042753990584	-0.1563058852677357	0.1566529325786304	221058	D10	2021_08_02_Batch25	otherclone	WT_parental	2021_08_02_Batch24	sensitive	1	1	0	0
profile_id_1234	-0.3110109299991204	-0.1563058852677357	0.1566529325786304	221058	D11	2021_08_02_Batch25	otherclone	WT_parental	2021_08_02_Batch24	sensitive	1	1	0	0
profile_id_1235	-0.1281698406860488	-0.1563058852677357	0.1566529325786304	221058	E02	2021_08_02_Batch25	otherclone	WT_parental	2021_08_02_Batch24	sensitive	1	0	0	0
profile_id_1236	0.1843135523922532	-0.1563058852677357	0.1566529325786304	221058	E03	2021_08_02_Batch25	otherclone	CloneA	2021_08_02_Batch24	resistant	1	1	0	0
profile_id_1237	0.3105621795746991	-0.1563058852677357	0.1566529325786304	221058	E04	2021_08_02_Batch25	otherclone	CloneE	2021_08_02_Batch24	resistant	1	1	0	0
profile_id_1240	-0.1276921589825956	-0.1563058852677357	0.1566529325786304	221058	E07	2021_08_02_Batch25	otherclone	WT_parental	2021_08_02_Batch24	sensitive	1	0	0	0
profile_id_1241	0.2263598851684697	-0.1563058852677357	0.1566529325786304	221058	E08	2021_08_02_Batch25	otherclone	CloneA	2021_08_02_Batch24	resistant	1	1	0	0
profile_id_1242	0.2385072751180709	-0.1563058852677357	0.1566529325786304	221058	E09	2021_08_02_Batch25	otherclone	CloneE	2021_08_02_Batch24	resistant	1	1	0	0
profile_id_1258	-0.2885038410767211	-0.1563058852677357	0.1566529325786304	221058	G05	2021_08_02_Batch25	otherclone	WT_parental	2021_08_02_Batch24	sensitive	1	1	0	0
profile_id_1259	-0.1388335338148724	-0.1563058852677357	0.1566529325786304	221058	G06	2021_08_02_Batch25	otherclone	WT_parental	2021_08_02_Batch24	sensitive	1	0	0	0
profile_id_1263	-0.340019806540588	-0.1563058852677357	0.1566529325786304	221058	G10	2021_08_02_Batch25	otherclone	WT_parental	2021_08_02_Batch24	sensitive	1	1	0	0
profile_id_1264	-0.1178046646649833	-0.1563058852677357	0.1566529325786304	221058	G11	2021_08_02_Batch25	otherclone	WT_parental	2021_08_02_Batch24	sensitive	1	0	0	0
profile_id_1265	-0.2954380478486442	-0.1563058852677357	0.1566529325786304	221093	B02	2021_08_03_Batch26	otherclone	WT_parental	2021_08_02_Batch24	sensitive	1	1	0	0
profile_id_1266	0.0742381693520263	-0.1563058852677357	0.1566529325786304	221093	B03	2021_08_03_Batch26	otherclone	CloneA	2021_08_02_Batch24	resistant	1	0	0	0
profile_id_1267	-0.0351054584670516	-0.1563058852677357	0.1566529325786304	221093	B04	2021_08_03_Batch26	otherclone	CloneE	2021_08_02_Batch24	resistant	0	0	0	1
profile_id_1270	-0.3423108905867446	-0.1563058852677357	0.1566529325786304	221093	B07	2021_08_03_Batch26	otherclone	WT_parental	2021_08_02_Batch24	sensitive	1	1	0	0
profile_id_1271	-0.0102852774321897	-0.1563058852677357	0.1566529325786304	221093	B08	2021_08_03_Batch26	otherclone	CloneA	2021_08_02_Batch24	resistant	0	0	0	1
profile_id_1272	0.0575152668625652	-0.1563058852677357	0.1566529325786304	221093	B09	2021_08_03_Batch26	otherclone	CloneE	2021_08_02_Batch24	resistant	1	0	0	0
profile_id_1281	-0.324011996421566	-0.1563058852677357	0.1566529325786304	221093	D05	2021_08_03_Batch26	otherclone	WT_parental	2021_08_02_Batch24	sensitive	1	1	0	0
profile_id_1282	-0.3000051310873776	-0.1563058852677357	0.1566529325786304	221093	D06	2021_08_03_Batch26	otherclone	WT_parental	2021_08_02_Batch24	sensitive	1	1	0	0
profile_id_1283	-0.3743691966458955	-0.1563058852677357	0.1566529325786304	221093	D10	2021_08_03_Batch26	otherclone	WT_parental	2021_08_02_Batch24	sensitive	1	1	0	0
profile_id_1284	-0.2123536145993769	-0.1563058852677357	0.1566529325786304	221093	D11	2021_08_03_Batch26	otherclone	WT_parental	2021_08_02_Batch24	sensitive	1	1	0	0
profile_id_1285	-0.2450980977296528	-0.1563058852677357	0.1566529325786304	221093	E02	2021_08_03_Batch26	otherclone	WT_parental	2021_08_02_Batch24	sensitive	1	1	0	0
profile_id_1286	0.0801400464063787	-0.1563058852677357	0.1566529325786304	221093	E03	2021_08_03_Batch26	otherclone	CloneA	2021_08_02_Batch24	resistant	1	0	0	0
profile_id_1287	0.1107992322960068	-0.1563058852677357	0.1566529325786304	221093	E04	2021_08_03_Batch26	otherclone	CloneE	2021_08_02_Batch24	resistant	1	0	0	0
profile_id_1290	-0.3467623246130095	-0.1563058852677357	0.1566529325786304	221093	E07	2021_08_03_Batch26	otherclone	WT_parental	2021_08_02_Batch24	sensitive	1	1	0	0
profile_id_1291	0.0786665166810356	-0.1563058852677357	0.1566529325786304	221093	E08	2021_08_03_Batch26	otherclone	CloneA	2021_08_02_Batch24	resistant	1	0	0	0
profile_id_1292	0.0827913212810466	-0.1563058852677357	0.1566529325786304	221093	E09	2021_08_03_Batch26	otherclone	CloneE	2021_08_02_Batch24	resistant	1	0	0	0
profile_id_1301	-0.3226102515833983	-0.1563058852677357	0.1566529325786304	221093	G05	2021_08_03_Batch26	otherclone	WT_parental	2021_08_02_Batch24	sensitive	1	1	0	0
profile_id_1302	-0.4384025863940245	-0.1563058852677357	0.1566529325786304	221093	G06	2021_08_03_Batch26	otherclone	WT_parental	2021_08_02_Batch24	sensitive	1	1	0	0
profile_id_1303	-0.3579898141443769	-0.1563058852677357	0.1566529325786304	221093	G10	2021_08_03_Batch26	otherclone	WT_parental	2021_08_02_Batch24	sensitive	1	1	0	0
profile_id_1304	-0.2939967691887008	-0.1563058852677357	0.1566529325786304	221093	G11	2021_08_03_Batch26	otherclone	WT_parental	2021_08_02_Batch24	sensitive	1	1	0	0
profile_id_1305	-0.3014191922930205	-0.1563058852677357	0.1566529325786304	221094	B02	2021_08_03_Batch27	otherclone	WT_parental	2021_08_02_Batch24	sensitive	1	1	0	0
profile_id_1306	-0.0815861749106669	-0.1563058852677357	0.1566529325786304	221094	B03	2021_08_03_Batch27	otherclone	CloneA	2021_08_02_Batch24	resistant	0	0	0	1
profile_id_1307	-0.1174373069330497	-0.1563058852677357	0.1566529325786304	221094	B04	2021_08_03_Batch27	otherclone	CloneE	2021_08_02_Batch24	resistant	0	0	0	1
profile_id_1310	-0.0065002535661616	-0.1563058852677357	0.1566529325786304	221094	B07	2021_08_03_Batch27	otherclone	WT_parental	2021_08_02_Batch24	sensitive	1	0	0	0
profile_id_1311	0.2507739097166399	-0.1563058852677357	0.1566529325786304	221094	B08	2021_08_03_Batch27	otherclone	CloneA	2021_08_02_Batch24	resistant	1	1	0	0
profile_id_1312	0.2225923870579115	-0.1563058852677357	0.1566529325786304	221094	B09	2021_08_03_Batch27	otherclone	CloneE	2021_08_02_Batch24	resistant	1	1	0	0
profile_id_1321	-0.2376563671313312	-0.1563058852677357	0.1566529325786304	221094	D05	2021_08_03_Batch27	otherclone	WT_parental	2021_08_02_Batch24	sensitive	1	1	0	0
profile_id_1322	0.0338779924258694	-0.1563058852677357	0.1566529325786304	221094	D06	2021_08_03_Batch27	otherclone	WT_parental	2021_08_02_Batch24	sensitive	0	0	0	1
profile_id_1323	-0.0133718158494766	-0.1563058852677357	0.1566529325786304	221094	D10	2021_08_03_Batch27	otherclone	WT_parental	2021_08_02_Batch24	sensitive	1	0	0	0
profile_id_1324	-0.0136061743903673	-0.1563058852677357	0.1566529325786304	221094	D11	2021_08_03_Batch27	otherclone	WT_parental	2021_08_02_Batch24	sensitive	1	0	0	0
profile_id_1325	-0.2851636366245415	-0.1563058852677357	0.1566529325786304	221094	E02	2021_08_03_Batch27	otherclone	WT_parental	2021_08_02_Batch24	sensitive	1	1	0	0
profile_id_1326	-0.0210450446192072	-0.1563058852677357	0.1566529325786304	221094	E03	2021_08_03_Batch27	otherclone	CloneA	2021_08_02_Batch24	resistant	0	0	0	1
profile_id_1327	-0.1100846273069598	-0.1563058852677357	0.1566529325786304	221094	E04	2021_08_03_Batch27	otherclone	CloneE	2021_08_02_Batch24	resistant	0	0	0	1
profile_id_1330	-0.0247448726199169	-0.1563058852677357	0.1566529325786304	221094	E07	2021_08_03_Batch27	otherclone	WT_parental	2021_08_02_Batch24	sensitive	1	0	0	0
profile_id_1331	0.3084524253759965	-0.1563058852677357	0.1566529325786304	221094	E08	2021_08_03_Batch27	otherclone	CloneA	2021_08_02_Batch24	resistant	1	1	0	0
profile_id_1332	0.2516573364290521	-0.1563058852677357	0.1566529325786304	221094	E09	2021_08_03_Batch27	otherclone	CloneE	2021_08_02_Batch24	resistant	1	1	0	0
profile_id_1341	-0.1441719820001903	-0.1563058852677357	0.1566529325786304	221094	G05	2021_08_03_Batch27	otherclone	WT_parental	2021_08_02_Batch24	sensitive	1	0	0	0
profile_id_1342	-0.1447855552236035	-0.1563058852677357	0.1566529325786304	221094	G06	2021_08_03_Batch27	otherclone	WT_parental	2021_08_02_Batch24	sensitive	1	0	0	0
profile_id_1343	-0.1119901247581309	-0.1563058852677357	0.1566529325786304	221094	G10	2021_08_03_Batch27	otherclone	WT_parental	2021_08_02_Batch24	sensitive	1	0	0	0
profile_id_1344	0.0309654251960009	-0.1563058852677357	0.1566529325786304	221094	G11	2021_08_03_Batch27	otherclone	WT_parental	2021_08_02_Batch24	sensitive	0	0	0	1
