column_match_pair_a,Metadata_clone_number_pair_a,row_match,pairwise_correlation,column_match_pair_b,Metadata_clone_number_pair_b
1,WT001,0,0.7550744746172425,0,WT001
2,WT001,0,0.85984793430838,0,WT001
3,WT002,0,0.1835715082488778,0,WT001
4,WT002,0,0.09370633895338541,0,WT001
5,WT002,0,0.0894626409089794,0,WT001
6,WT003,0,-0.36422995468443664,0,WT001
7,WT003,0,-0.36079583142124755,0,WT001
8,WT003,0,-0.261257456118139,0,WT001
9,WT_parental,0,0.6180369226108011,0,WT001
10,WT004,0,0.5240035961282193,0,WT001
11,WT004,0,0.3666460343287177,0,WT001
12,WT004,0,-0.07146928163758133,0,WT001
13,WT005,0,-0.1154626807076374,0,WT001
14,WT005,0,-0.30103066094262826,0,WT001
15,WT005,0,-0.16835183986196203,0,WT001
16,WT006,0,-0.47956212486006683,0,WT001
17,WT006,0,-0.5891333017527054,0,WT001
18,WT006,0,-0.36975492378049735,0,WT001
19,WT_parental,0,0.5047230193587754,0,WT001
20,WT007,0,0.15818272129210179,0,WT001
21,WT007,0,0.1149638668223291,0,WT001
22,WT007,0,-0.016996591693242854,0,WT001
23,WT008,0,-0.1145633470193947,0,WT001
24,WT008,0,-0.05945510570585817,0,WT001
25,WT008,0,-0.052411169292469334,0,WT001
26,WT009,0,-0.43336594703634757,0,WT001
27,WT009,0,-0.3794245583214989,0,WT001
28,WT009,0,-0.362628945360347,0,WT001
29,WT_parental,0,0.3175269448351005,0,WT001
30,WT010,0,-0.016161502742171256,0,WT001
31,WT010,0,-0.33257467765751153,0,WT001
32,WT010,0,-0.34600875250352386,0,WT001
33,WT011,0,0.023474852485644383,0,WT001
34,WT011,0,0.1975686758216087,0,WT001
35,WT011,0,0.07260897893100011,0,WT001
36,WT012,0,-0.1909591492695821,0,WT001
37,WT012,0,-0.12237408348352687,0,WT001
38,WT012,0,-0.3266825298214653,0,WT001
39,WT013,0,-0.0356744264870011,0,WT001
40,WT013,0,-0.04070066166785054,0,WT001
41,WT013,0,-0.1799512132017652,0,WT001
42,WT014,0,0.49131937909089607,0,WT001
43,WT014,0,0.5975137319062185,0,WT001
44,WT014,0,0.6111580522486326,0,WT001
45,WT015,0,-0.03387236166303202,0,WT001
46,WT015,0,-0.26863527374350143,0,WT001
47,WT015,0,0.0012572799766979303,0,WT001
2,WT001,1,0.8400518189853765,1,WT001
3,WT002,1,0.3563502570376535,1,WT001
4,WT002,1,0.286383833083376,1,WT001
5,WT002,1,0.25091439495850365,1,WT001
6,WT003,1,-0.2770555187490391,1,WT001
7,WT003,1,-0.21137110512940765,1,WT001
8,WT003,1,-0.29715841328560555,1,WT001
9,WT_parental,1,0.31641910649255645,1,WT001
10,WT004,1,0.5430124912531294,1,WT001
11,WT004,1,0.5002855129609055,1,WT001
12,WT004,1,0.02272812235808769,1,WT001
13,WT005,1,0.018390631030435752,1,WT001
14,WT005,1,-0.06874197504111428,1,WT001
15,WT005,1,0.059667901658688405,1,WT001
16,WT006,1,-0.5621818154622512,1,WT001
17,WT006,1,-0.6035230382511085,1,WT001
18,WT006,1,-0.4772321549563744,1,WT001
19,WT_parental,1,0.20022252729319379,1,WT001
20,WT007,1,0.2176107525079032,1,WT001
21,WT007,1,0.21987727654577502,1,WT001
22,WT007,1,0.10507652084514428,1,WT001
23,WT008,1,-0.033546759512965395,1,WT001
24,WT008,1,-0.0023135888237110313,1,WT001
25,WT008,1,0.07920515141788788,1,WT001
26,WT009,1,-0.3024255991259253,1,WT001
27,WT009,1,-0.31568042598598817,1,WT001
28,WT009,1,-0.3732599094513084,1,WT001
29,WT_parental,1,-0.00032948982262011767,1,WT001
30,WT010,1,-0.16515188821340765,1,WT001
31,WT010,1,-0.3386252273028845,1,WT001
32,WT010,1,-0.3216426466114906,1,WT001
33,WT011,1,0.17336482125765246,1,WT001
34,WT011,1,0.4212282320050572,1,WT001
35,WT011,1,0.1437106016543524,1,WT001
36,WT012,1,-0.15060271024493457,1,WT001
37,WT012,1,-0.05595551875655742,1,WT001
38,WT012,1,-0.34414534277073416,1,WT001
39,WT013,1,-0.16418877280441738,1,WT001
40,WT013,1,-0.1120155651993696,1,WT001
41,WT013,1,-0.30264730587316924,1,WT001
42,WT014,1,0.31413401663402296,1,WT001
43,WT014,1,0.4512101002363105,1,WT001
44,WT014,1,0.45454670627863625,1,WT001
45,WT015,1,-0.11331440206641104,1,WT001
46,WT015,1,-0.33566060825832655,1,WT001
47,WT015,1,-0.1508734458115089,1,WT001
3,WT002,2,0.3691427040367442,2,WT001
4,WT002,2,0.2750040497240047,2,WT001
5,WT002,2,0.2579662520012259,2,WT001
6,WT003,2,-0.3810798731976809,2,WT001
7,WT003,2,-0.28309268507486385,2,WT001
8,WT003,2,-0.32605957820104425,2,WT001
9,WT_parental,2,0.5213257249547805,2,WT001
10,WT004,2,0.45405836310470865,2,WT001
11,WT004,2,0.34586107945377204,2,WT001
12,WT004,2,-0.0937420476304963,2,WT001
13,WT005,2,-0.003504608950506318,2,WT001
14,WT005,2,-0.18704115174596125,2,WT001
15,WT005,2,-0.057909757869855784,2,WT001
16,WT006,2,-0.5656218186939274,2,WT001
17,WT006,2,-0.5739857649115055,2,WT001
18,WT006,2,-0.38342832652599695,2,WT001
19,WT_parental,2,0.37973464326756184,2,WT001
20,WT007,2,0.2606237193832727,2,WT001
21,WT007,2,0.22793881267321442,2,WT001
22,WT007,2,0.11930901678351709,2,WT001
23,WT008,2,0.04468230390265405,2,WT001
24,WT008,2,0.08088942439476215,2,WT001
25,WT008,2,0.14023214330432174,2,WT001
26,WT009,2,-0.27967150118897777,2,WT001
27,WT009,2,-0.20191599572947275,2,WT001
28,WT009,2,-0.23871025457447964,2,WT001
29,WT_parental,2,0.16524560727776375,2,WT001
30,WT010,2,-0.197813268277954,2,WT001
31,WT010,2,-0.4426771959347234,2,WT001
32,WT010,2,-0.4299876555795565,2,WT001
33,WT011,2,0.1384875388673747,2,WT001
34,WT011,2,0.41916903844264114,2,WT001
35,WT011,2,0.14367428903818902,2,WT001
36,WT012,2,-0.20141641909183242,2,WT001
37,WT012,2,0.023853317144134644,2,WT001
38,WT012,2,-0.3361933951181755,2,WT001
39,WT013,2,-0.2722839567968808,2,WT001
40,WT013,2,-0.23359841872334292,2,WT001
41,WT013,2,-0.3581225230260307,2,WT001
42,WT014,2,0.4452009086478994,2,WT001
43,WT014,2,0.5852559740311326,2,WT001
44,WT014,2,0.6148487621302348,2,WT001
45,WT015,2,-0.19258785013509355,2,WT001
46,WT015,2,-0.42024200484145335,2,WT001
47,WT015,2,-0.2304332521784316,2,WT001
4,WT002,3,0.8926390131354583,3,WT002
5,WT002,3,0.882974739163161,3,WT002
6,WT003,3,-0.1999487269605239,3,WT002
7,WT003,3,-0.3036622951971727,3,WT002
8,WT003,3,-0.30105755986235744,3,WT002
9,WT_parental,3,-0.20167199120264678,3,WT002
10,WT004,3,-0.21307987133532974,3,WT002
11,WT004,3,-0.10796217805825419,3,WT002
12,WT004,3,-0.4146760993852265,3,WT002
13,WT005,3,0.16157131150263343,3,WT002
14,WT005,3,0.2575866873189694,3,WT002
15,WT005,3,0.4540592482960957,3,WT002
16,WT006,3,-0.46866895113552304,3,WT002
17,WT006,3,-0.28639171962940624,3,WT002
18,WT006,3,-0.38416018949014646,3,WT002
19,WT_parental,3,-0.3685968886738044,3,WT002
20,WT007,3,0.2643318897573009,3,WT002
21,WT007,3,0.31824750282892866,3,WT002
22,WT007,3,0.25379866033517723,3,WT002
23,WT008,3,0.37038694885154,3,WT002
24,WT008,3,0.3431284882986358,3,WT002
25,WT008,3,0.5963208448252847,3,WT002
26,WT009,3,0.2871771431130117,3,WT002
27,WT009,3,0.16303042728084471,3,WT002
28,WT009,3,0.30211469104799854,3,WT002
29,WT_parental,3,-0.4897892527015745,3,WT002
30,WT010,3,-0.12831910436497115,3,WT002
31,WT010,3,-0.5284215568344091,3,WT002
32,WT010,3,-0.3248062041472992,3,WT002
33,WT011,3,0.3607674450607091,3,WT002
34,WT011,3,0.5108195222456238,3,WT002
35,WT011,3,0.30738508501061695,3,WT002
36,WT012,3,-0.297571691079799,3,WT002
37,WT012,3,0.10354515091472263,3,WT002
38,WT012,3,0.18379362780504993,3,WT002
39,WT013,3,-0.35901119727390024,3,WT002
40,WT013,3,-0.31342026600892087,3,WT002
41,WT013,3,-0.4432565763477511,3,WT002
42,WT014,3,-0.23932265464179045,3,WT002
43,WT014,3,-0.11440082902676937,3,WT002
44,WT014,3,-0.03202114248963377,3,WT002
45,WT015,3,-0.2295125681692971,3,WT002
46,WT015,3,-0.3761264169124529,3,WT002
47,WT015,3,-0.233478859524171,3,WT002
5,WT002,4,0.928880514159502,4,WT002
6,WT003,4,-0.02081569605192396,4,WT002
7,WT003,4,-0.21566221797434934,4,WT002
8,WT003,4,-0.17519681385304894,4,WT002
9,WT_parental,4,-0.332107254023563,4,WT002
10,WT004,4,-0.2979231260829723,4,WT002
11,WT004,4,-0.08711567148581664,4,WT002
12,WT004,4,-0.3546132361715765,4,WT002
13,WT005,4,0.312934459754813,4,WT002
14,WT005,4,0.39650581699888165,4,WT002
15,WT005,4,0.5136782172778428,4,WT002
16,WT006,4,-0.40676163760109024,4,WT002
17,WT006,4,-0.251169877235377,4,WT002
18,WT006,4,-0.36547496926410306,4,WT002
19,WT_parental,4,-0.4956529831542541,4,WT002
20,WT007,4,0.13300715583122324,4,WT002
21,WT007,4,0.24270244561454735,4,WT002
22,WT007,4,0.145989333913387,4,WT002
23,WT008,4,0.2777526253315933,4,WT002
24,WT008,4,0.26156238680275373,4,WT002
25,WT008,4,0.5481015861593629,4,WT002
26,WT009,4,0.3109060068869697,4,WT002
27,WT009,4,0.12782336765410712,4,WT002
28,WT009,4,0.35263771793630294,4,WT002
29,WT_parental,4,-0.5392746545050581,4,WT002
30,WT010,4,-0.123658777304571,4,WT002
31,WT010,4,-0.3833735573550311,4,WT002
32,WT010,4,-0.23391916425776219,4,WT002
33,WT011,4,0.38825690772550925,4,WT002
34,WT011,4,0.41273277655744167,4,WT002
35,WT011,4,0.22112765760301595,4,WT002
36,WT012,4,-0.2524448841609317,4,WT002
37,WT012,4,0.19169566646077055,4,WT002
38,WT012,4,0.29022753058953,4,WT002
39,WT013,4,-0.30145813635330654,4,WT002
40,WT013,4,-0.2543545880990339,4,WT002
41,WT013,4,-0.300505468862165,4,WT002
42,WT014,4,-0.3303943834046117,4,WT002
43,WT014,4,-0.24918045159886568,4,WT002
44,WT014,4,-0.15404635097768135,4,WT002
45,WT015,4,-0.19533126009582522,4,WT002
46,WT015,4,-0.29687903535855675,4,WT002
47,WT015,4,-0.2395166532512343,4,WT002
6,WT003,5,-0.05006609302094854,5,WT002
7,WT003,5,-0.2599155385179973,5,WT002
8,WT003,5,-0.19946750716455952,5,WT002
9,WT_parental,5,-0.3488383351123152,5,WT002
10,WT004,5,-0.3087863907537987,5,WT002
11,WT004,5,-0.143706164808342,5,WT002
12,WT004,5,-0.3795277345797486,5,WT002
13,WT005,5,0.2657432094047482,5,WT002
14,WT005,5,0.41108816764953426,5,WT002
15,WT005,5,0.5148588300272356,5,WT002
16,WT006,5,-0.4085238705250702,5,WT002
17,WT006,5,-0.274247522840944,5,WT002
18,WT006,5,-0.37228130042275387,5,WT002
19,WT_parental,5,-0.5173418387993435,5,WT002
20,WT007,5,0.13536602615063326,5,WT002
21,WT007,5,0.2618137146496679,5,WT002
22,WT007,5,0.19736453507582846,5,WT002
23,WT008,5,0.2903278137284653,5,WT002
24,WT008,5,0.32957553157060926,5,WT002
25,WT008,5,0.5772353898310347,5,WT002
26,WT009,5,0.3525276680903988,5,WT002
27,WT009,5,0.18825933293893116,5,WT002
28,WT009,5,0.3962487228360383,5,WT002
29,WT_parental,5,-0.5714603878649022,5,WT002
30,WT010,5,-0.11466469239933216,5,WT002
31,WT010,5,-0.39222219461457547,5,WT002
32,WT010,5,-0.2614755694639674,5,WT002
33,WT011,5,0.4145637106503601,5,WT002
34,WT011,5,0.4777253997981711,5,WT002
35,WT011,5,0.2800302498255674,5,WT002
36,WT012,5,-0.3023968873043592,5,WT002
37,WT012,5,0.1631957620560487,5,WT002
38,WT012,5,0.2983255691549548,5,WT002
39,WT013,5,-0.2516133505956905,5,WT002
40,WT013,5,-0.27926980745025787,5,WT002
41,WT013,5,-0.2905619879831157,5,WT002
42,WT014,5,-0.3749792691143867,5,WT002
43,WT014,5,-0.2898783242484203,5,WT002
44,WT014,5,-0.2054737452130203,5,WT002
45,WT015,5,-0.1625146046322135,5,WT002
46,WT015,5,-0.33339242766978266,5,WT002
47,WT015,5,-0.235510854894414,5,WT002
7,WT003,6,0.7305934880693626,6,WT003
8,WT003,6,0.8362510848951848,6,WT003
9,WT_parental,6,-0.5881310213260155,6,WT003
10,WT004,6,-0.20297236229801147,6,WT003
11,WT004,6,-0.07771735265954965,6,WT003
12,WT004,6,0.06331079396281782,6,WT003
13,WT005,6,0.1707995264724162,6,WT003
14,WT005,6,0.329280512650868,6,WT003
15,WT005,6,0.27104667019742046,6,WT003
16,WT006,6,0.4588452526327823,6,WT003
17,WT006,6,0.3529790057054088,6,WT003
18,WT006,6,0.2173623816109724,6,WT003
19,WT_parental,6,-0.4560800383021896,6,WT003
20,WT007,6,-0.06273014222468512,6,WT003
21,WT007,6,-0.12362128381809652,6,WT003
22,WT007,6,-0.08540962750274624,6,WT003
23,WT008,6,-0.2730632959982557,6,WT003
24,WT008,6,-0.2038495708689942,6,WT003
25,WT008,6,-0.12128399155123534,6,WT003
26,WT009,6,0.07461805964636674,6,WT003
27,WT009,6,-0.0939105432523791,6,WT003
28,WT009,6,-0.07139131581885785,6,WT003
29,WT_parental,6,-0.21923215863583925,6,WT003
30,WT010,6,0.42392071570124096,6,WT003
31,WT010,6,0.6024668031170632,6,WT003
32,WT010,6,0.5847450239989577,6,WT003
33,WT011,6,-0.20056087491089253,6,WT003
34,WT011,6,-0.39390740500475974,6,WT003
35,WT011,6,-0.3179328349234627,6,WT003
36,WT012,6,0.4193750290804847,6,WT003
37,WT012,6,0.27969119722377017,6,WT003
38,WT012,6,0.5156517391754744,6,WT003
39,WT013,6,0.11119757901982445,6,WT003
40,WT013,6,0.21729470700699582,6,WT003
41,WT013,6,0.2065798767854635,6,WT003
42,WT014,6,-0.31322243059996335,6,WT003
43,WT014,6,-0.4841845004901761,6,WT003
44,WT014,6,-0.5600106014698297,6,WT003
45,WT015,6,0.06166636299165683,6,WT003
46,WT015,6,0.4446506102123907,6,WT003
47,WT015,6,0.27169629099301956,6,WT003
8,WT003,7,0.6938654703775718,7,WT003
9,WT_parental,7,-0.3738802331790947,7,WT003
10,WT004,7,-0.12602525172426554,7,WT003
11,WT004,7,0.015252615566021716,7,WT003
12,WT004,7,0.11605788106994167,7,WT003
13,WT005,7,-0.04508216669425009,7,WT003
14,WT005,7,0.12885727877596553,7,WT003
15,WT005,7,0.08289941284699241,7,WT003
16,WT006,7,0.4815913509957486,7,WT003
17,WT006,7,0.5140022541636005,7,WT003
18,WT006,7,0.33633727257802726,7,WT003
19,WT_parental,7,-0.2104382313388072,7,WT003
20,WT007,7,-0.08523966961701734,7,WT003
21,WT007,7,-0.1355394645206641,7,WT003
22,WT007,7,-0.07586336725031856,7,WT003
23,WT008,7,-0.32451636163007697,7,WT003
24,WT008,7,-0.2256347777710574,7,WT003
25,WT008,7,-0.21051504115393385,7,WT003
26,WT009,7,-0.11286270216506517,7,WT003
27,WT009,7,0.09320071174957123,7,WT003
28,WT009,7,-0.23385396817310064,7,WT003
29,WT_parental,7,-0.0612637482334732,7,WT003
30,WT010,7,0.3208929926643702,7,WT003
31,WT010,7,0.4443153861342683,7,WT003
32,WT010,7,0.5009531302275633,7,WT003
33,WT011,7,-0.38446648527865634,7,WT003
34,WT011,7,-0.3534383039897263,7,WT003
35,WT011,7,-0.361306419992394,7,WT003
36,WT012,7,0.5213595515847591,7,WT003
37,WT012,7,0.4832336424065168,7,WT003
38,WT012,7,0.27039320427064945,7,WT003
39,WT013,7,0.061017480982347744,7,WT003
40,WT013,7,0.23482065607724437,7,WT003
41,WT013,7,0.13061424358287757,7,WT003
42,WT014,7,-0.10375765654449676,7,WT003
43,WT014,7,-0.22011447613543528,7,WT003
44,WT014,7,-0.29447640335343506,7,WT003
45,WT015,7,0.0005693553351632434,7,WT003
46,WT015,7,0.3972351549305567,7,WT003
47,WT015,7,0.15697479472823703,7,WT003
9,WT_parental,8,-0.2999997743173325,8,WT003
10,WT004,8,-0.21973574788137318,8,WT003
11,WT004,8,-0.247961771791875,8,WT003
12,WT004,8,-0.06826036429533962,8,WT003
13,WT005,8,-0.07309206249172648,8,WT003
14,WT005,8,0.03798437983391793,8,WT003
15,WT005,8,-0.0038165675035998752,8,WT003
16,WT006,8,0.49271517016739735,8,WT003
17,WT006,8,0.40053965010204207,8,WT003
18,WT006,8,0.3542736782298308,8,WT003
19,WT_parental,8,-0.14404403587308026,8,WT003
20,WT007,8,-0.17250829970685963,8,WT003
21,WT007,8,-0.2593945301894427,8,WT003
22,WT007,8,-0.2569982443905489,8,WT003
23,WT008,8,-0.3525340396444423,8,WT003
24,WT008,8,-0.282382978472385,8,WT003
25,WT008,8,-0.2395812409417043,8,WT003
26,WT009,8,-0.07542758248986771,8,WT003
27,WT009,8,-0.17767463987232715,8,WT003
28,WT009,8,-0.09550126549409696,8,WT003
29,WT_parental,8,0.10007648238969655,8,WT003
30,WT010,8,0.43832449068755097,8,WT003
31,WT010,8,0.5965077740405731,8,WT003
32,WT010,8,0.5525143140461265,8,WT003
33,WT011,8,-0.38384386353457106,8,WT003
34,WT011,8,-0.5004127678561439,8,WT003
35,WT011,8,-0.4297731264135012,8,WT003
36,WT012,8,0.4520438000658503,8,WT003
37,WT012,8,0.3316412632895897,8,WT003
38,WT012,8,0.5012212509565741,8,WT003
39,WT013,8,0.21874181747701932,8,WT003
40,WT013,8,0.2993375310712192,8,WT003
41,WT013,8,0.2932981107937487,8,WT003
42,WT014,8,-0.1052427716357821,8,WT003
43,WT014,8,-0.299281046531151,8,WT003
44,WT014,8,-0.3955064997902195,8,WT003
45,WT015,8,0.1100298516528203,8,WT003
46,WT015,8,0.5597370128199665,8,WT003
47,WT015,8,0.40184828240748294,8,WT003
10,WT004,9,0.4252633723157467,9,WT_parental
11,WT004,9,0.09453216058708709,9,WT_parental
12,WT004,9,0.003971524581393025,9,WT_parental
13,WT005,9,-0.26474954987395594,9,WT_parental
14,WT005,9,-0.583214568863744,9,WT_parental
15,WT005,9,-0.5444641930950095,9,WT_parental
16,WT006,9,-0.17674207167308875,9,WT_parental
17,WT006,9,-0.23759778506096987,9,WT_parental
18,WT006,9,0.12122189335649397,9,WT_parental
19,WT_parental,9,0.9352244366442455,9,WT_parental
20,WT007,9,-0.10741380088057674,9,WT_parental
21,WT007,9,-0.2028141158488685,9,WT_parental
22,WT007,9,-0.22353148865810016,9,WT_parental
23,WT008,9,-0.13499336384172814,9,WT_parental
24,WT008,9,-0.16555116627576064,9,WT_parental
25,WT008,9,-0.30026101095649343,9,WT_parental
26,WT009,9,-0.4432576603564005,9,WT_parental
27,WT009,9,-0.27555478555934804,9,WT_parental
28,WT009,9,-0.2660695088882698,9,WT_parental
29,WT_parental,9,0.7999484772894684,9,WT_parental
30,WT010,9,-0.08240024783749844,9,WT_parental
31,WT010,9,-0.20505826942007183,9,WT_parental
32,WT010,9,-0.29285144064337776,9,WT_parental
33,WT011,9,-0.18339624829590634,9,WT_parental
34,WT011,9,-0.04293218688189965,9,WT_parental
35,WT011,9,-0.07843486040025921,9,WT_parental
36,WT012,9,-0.13122616242611648,9,WT_parental
37,WT012,9,-0.15670690346652494,9,WT_parental
38,WT012,9,-0.4515674021669906,9,WT_parental
39,WT013,9,0.10158671452136991,9,WT_parental
40,WT013,9,0.02406279150262289,9,WT_parental
41,WT013,9,0.06884325723807042,9,WT_parental
42,WT014,9,0.7202185299142807,9,WT_parental
43,WT014,9,0.8182788357057971,9,WT_parental
44,WT014,9,0.823115758584902,9,WT_parental
45,WT015,9,0.07248613571048716,9,WT_parental
46,WT015,9,-0.04093611728970894,9,WT_parental
47,WT015,9,0.1724458181471137,9,WT_parental
11,WT004,10,0.6926521395757387,10,WT004
12,WT004,10,0.5531299623815679,10,WT004
13,WT005,10,0.1683911897994053,10,WT004
14,WT005,10,-0.16958482248815124,10,WT004
15,WT005,10,-0.23487406064677938,10,WT004
16,WT006,10,-0.2112010124048818,10,WT004
17,WT006,10,-0.4023265702834307,10,WT004
18,WT006,10,-0.2849501077718599,10,WT004
19,WT_parental,10,0.452385742539363,10,WT004
20,WT007,10,0.16181706455821843,10,WT004
21,WT007,10,0.05230739549319385,10,WT004
22,WT007,10,-0.011435351068795778,10,WT004
23,WT008,10,-0.15206494758883743,10,WT004
24,WT008,10,-0.16426459399793636,10,WT004
25,WT008,10,-0.2596806175177393,10,WT004
26,WT009,10,-0.3067726799967275,10,WT004
27,WT009,10,-0.3482990763050433,10,WT004
28,WT009,10,-0.5160309514652934,10,WT004
29,WT_parental,10,0.3315119570003279,10,WT004
30,WT010,10,0.034236132373824626,10,WT004
31,WT010,10,0.054868041996985355,10,WT004
32,WT010,10,-0.17385712642700188,10,WT004
33,WT011,10,0.0047130085498599435,10,WT004
34,WT011,10,0.07900725757244434,10,WT004
35,WT011,10,-0.008879096655978023,10,WT004
36,WT012,10,-0.051070672069201045,10,WT004
37,WT012,10,-0.3697238404912919,10,WT004
38,WT012,10,-0.5367653751244744,10,WT004
39,WT013,10,0.14816877726352395,10,WT004
40,WT013,10,0.004190195261095125,10,WT004
41,WT013,10,-0.09158615274163874,10,WT004
42,WT014,10,0.45458483299313013,10,WT004
43,WT014,10,0.49678999702528237,10,WT004
44,WT014,10,0.43459822739012005,10,WT004
45,WT015,10,0.08255771432540077,10,WT004
46,WT015,10,-0.11910533763916664,10,WT004
47,WT015,10,-0.09443407844881754,10,WT004
12,WT004,11,0.5840714987418808,11,WT004
13,WT005,11,0.14955764430445126,11,WT004
14,WT005,11,-0.00509241142015457,11,WT004
15,WT005,11,-0.08644253622462515,11,WT004
16,WT006,11,-0.11074816037068418,11,WT004
17,WT006,11,-0.18635628915879168,11,WT004
18,WT006,11,-0.2791466430462982,11,WT004
19,WT_parental,11,0.11558592647951062,11,WT004
20,WT007,11,0.24895810275756133,11,WT004
21,WT007,11,0.24295908443053374,11,WT004
22,WT007,11,0.1728924655487711,11,WT004
23,WT008,11,-0.024576567418997088,11,WT004
24,WT008,11,0.058099459005252256,11,WT004
25,WT008,11,-0.10401334713452733,11,WT004
26,WT009,11,-0.18801084306994334,11,WT004
27,WT009,11,-0.2194530759129464,11,WT004
28,WT009,11,-0.39315218050215966,11,WT004
29,WT_parental,11,-0.0005809511504161106,11,WT004
30,WT010,11,-0.11568654181373624,11,WT004
31,WT010,11,0.09763086662595019,11,WT004
32,WT010,11,-0.05121635278281634,11,WT004
33,WT011,11,0.16671211403611555,11,WT004
34,WT011,11,0.18055526113305453,11,WT004
35,WT011,11,0.015290634892338095,11,WT004
36,WT012,11,-0.020696085813585303,11,WT004
37,WT012,11,-0.29241758096128223,11,WT004
38,WT012,11,-0.5177866545808205,11,WT004
39,WT013,11,-0.0001963126720601043,11,WT004
40,WT013,11,0.04467866235996154,11,WT004
41,WT013,11,-0.17351115986748986,11,WT004
42,WT014,11,0.21720855996501012,11,WT004
43,WT014,11,0.25458020711817975,11,WT004
44,WT014,11,0.21214184462820077,11,WT004
45,WT015,11,-0.028609953838781104,11,WT004
46,WT015,11,-0.2270334870097817,11,WT004
47,WT015,11,-0.2840888935457297,11,WT004
13,WT005,12,0.33399182365163255,12,WT004
14,WT005,12,0.24063601331937337,12,WT004
15,WT005,12,-0.0831187001108481,12,WT004
16,WT006,12,0.20308892639714268,12,WT004
17,WT006,12,0.03379683023203417,12,WT004
18,WT006,12,0.04903345477052233,12,WT004
19,WT_parental,12,0.17156478679482912,12,WT004
20,WT007,12,-0.09255449388286878,12,WT004
21,WT007,12,-0.1003885328942541,12,WT004
22,WT007,12,-0.06378362783419665,12,WT004
23,WT008,12,-0.03747344886291259,12,WT004
24,WT008,12,-0.0800284135291481,12,WT004
25,WT008,12,-0.3626349747650408,12,WT004
26,WT009,12,0.010182742440474513,12,WT004
27,WT009,12,-0.0887638411268961,12,WT004
28,WT009,12,-0.338809422929321,12,WT004
29,WT_parental,12,0.1651841005880913,12,WT004
30,WT010,12,-0.037210359265397945,12,WT004
31,WT010,12,0.34342338538939743,12,WT004
32,WT010,12,0.14865935892899826,12,WT004
33,WT011,12,0.08430962447588708,12,WT004
34,WT011,12,-0.008704595762296988,12,WT004
35,WT011,12,0.08324023892988944,12,WT004
36,WT012,12,0.013342208834329577,12,WT004
37,WT012,12,-0.4628379651923966,12,WT004
38,WT012,12,-0.4190535400122114,12,WT004
39,WT013,12,0.3280487892349145,12,WT004
40,WT013,12,0.23682207701499391,12,WT004
41,WT013,12,0.29092512452079494,12,WT004
42,WT014,12,0.20847042732799437,12,WT004
43,WT014,12,0.08163833825733667,12,WT004
44,WT014,12,0.029593930721281265,12,WT004
45,WT015,12,0.1644920576408957,12,WT004
46,WT015,12,0.12186929218937334,12,WT004
47,WT015,12,-0.054878423216915495,12,WT004
14,WT005,13,0.7066156394855759,13,WT005
15,WT005,13,0.5491107571483619,13,WT005
16,WT006,13,-0.11805326212472832,13,WT005
17,WT006,13,-0.19482908485410674,13,WT005
18,WT006,13,-0.14089290999131995,13,WT005
19,WT_parental,13,-0.2987699624878253,13,WT005
20,WT007,13,-0.1058793872297735,13,WT005
21,WT007,13,-0.11679696535994256,13,WT005
22,WT007,13,-0.19179090590021353,13,WT005
23,WT008,13,-0.0445402490229795,13,WT005
24,WT008,13,-0.19370639150324573,13,WT005
25,WT008,13,-0.1095077913138944,13,WT005
26,WT009,13,0.1468200874214746,13,WT005
27,WT009,13,-0.08527825079414321,13,WT005
28,WT009,13,0.006310031155716595,13,WT005
29,WT_parental,13,-0.3092097146734768,13,WT005
30,WT010,13,0.12119837593345943,13,WT005
31,WT010,13,0.10179315154139831,13,WT005
32,WT010,13,-0.01964567544216388,13,WT005
33,WT011,13,0.26305062074659386,13,WT005
34,WT011,13,0.08561572336177047,13,WT005
35,WT011,13,0.04908683324360335,13,WT005
36,WT012,13,0.09280121913346848,13,WT005
37,WT012,13,-0.1275328233666927,13,WT005
38,WT012,13,0.16423855052804784,13,WT005
39,WT013,13,0.17544685759363485,13,WT005
40,WT013,13,-0.007633960664510095,13,WT005
41,WT013,13,0.10784448073675375,13,WT005
42,WT014,13,-0.2512736607962427,13,WT005
43,WT014,13,-0.278493982273666,13,WT005
44,WT014,13,-0.1947347930308571,13,WT005
45,WT015,13,0.08780754045157028,13,WT005
46,WT015,13,0.051531883046185355,13,WT005
47,WT015,13,-0.09528021111122406,13,WT005
15,WT005,14,0.7211608691099385,14,WT005
16,WT006,14,-0.0002223330944063845,14,WT005
17,WT006,14,-0.07424616076395184,14,WT005
18,WT006,14,-0.06667122560616835,14,WT005
19,WT_parental,14,-0.5858814347189083,14,WT005
20,WT007,14,-0.10073199221956207,14,WT005
21,WT007,14,-0.02380471930597778,14,WT005
22,WT007,14,-0.03512781096650633,14,WT005
23,WT008,14,0.04830328899591337,14,WT005
24,WT008,14,0.004800773480148969,14,WT005
25,WT008,14,0.08878696896372026,14,WT005
26,WT009,14,0.29907284563161207,14,WT005
27,WT009,14,0.10116380477779001,14,WT005
28,WT009,14,0.15527368056112859,14,WT005
29,WT_parental,14,-0.6067949782124383,14,WT005
30,WT010,14,0.05041868515989594,14,WT005
31,WT010,14,0.05446590747504116,14,WT005
32,WT010,14,0.09067974212601214,14,WT005
33,WT011,14,0.31681832351006706,14,WT005
34,WT011,14,0.26089687849887744,14,WT005
35,WT011,14,0.2447211529319468,14,WT005
36,WT012,14,0.03611644994347464,14,WT005
37,WT012,14,-0.10952204003387947,14,WT005
38,WT012,14,0.28041380438535923,14,WT005
39,WT013,14,0.1514421719060821,14,WT005
40,WT013,14,0.05732296151555238,14,WT005
41,WT013,14,0.0743229885656497,14,WT005
42,WT014,14,-0.46252611154677187,14,WT005
43,WT014,14,-0.5371877624115537,14,WT005
44,WT014,14,-0.469129789665081,14,WT005
45,WT015,14,0.06528979655086217,14,WT005
46,WT015,14,0.032542376160544416,14,WT005
47,WT015,14,-0.06570219666354069,14,WT005
16,WT006,15,-0.11067214678193964,15,WT005
17,WT006,15,-0.07312881798606077,15,WT005
18,WT006,15,-0.16366684709548007,15,WT005
19,WT_parental,15,-0.6271746684512919,15,WT005
20,WT007,15,0.0010031865821703827,15,WT005
21,WT007,15,0.004747773135967966,15,WT005
22,WT007,15,-0.015182446185825614,15,WT005
23,WT008,15,0.04247772207907583,15,WT005
24,WT008,15,-0.03869816220336712,15,WT005
25,WT008,15,0.23915339206094105,15,WT005
26,WT009,15,0.25554044989658264,15,WT005
27,WT009,15,0.1008438896764988,15,WT005
28,WT009,15,0.1665237903656314,15,WT005
29,WT_parental,15,-0.6490277898909362,15,WT005
30,WT010,15,0.1506074326309391,15,WT005
31,WT010,15,-0.0979186810005131,15,WT005
32,WT010,15,0.03319775521832945,15,WT005
33,WT011,15,0.24707770002427565,15,WT005
34,WT011,15,0.2198832717280474,15,WT005
35,WT011,15,0.1345701138225007,15,WT005
36,WT012,15,0.06836214294651392,15,WT005
37,WT012,15,0.06112831790149077,15,WT005
38,WT012,15,0.4065583865196868,15,WT005
39,WT013,15,-0.04710522983086081,15,WT005
40,WT013,15,-0.004192824581450651,15,WT005
41,WT013,15,-0.08505444152399948,15,WT005
42,WT014,15,-0.4956136382447092,15,WT005
43,WT014,15,-0.4805734623296944,15,WT005
44,WT014,15,-0.4069087699547516,15,WT005
45,WT015,15,-0.015372247407079091,15,WT005
46,WT015,15,0.018786852345947604,15,WT005
47,WT015,15,0.00513269360321667,15,WT005
17,WT006,16,0.8900236296756305,16,WT006
18,WT006,16,0.8128586320009392,16,WT006
19,WT_parental,16,-0.02215896250775069,16,WT006
20,WT007,16,-0.20181107325506353,16,WT006
21,WT007,16,-0.2252155698032052,16,WT006
22,WT007,16,-0.12981409461333038,16,WT006
23,WT008,16,-0.1926990483884035,16,WT006
24,WT008,16,-0.14590969366169199,16,WT006
25,WT008,16,-0.22917544578600757,16,WT006
26,WT009,16,0.07121152985973,16,WT006
27,WT009,16,0.03220464038339809,16,WT006
28,WT009,16,-0.032816463303447604,16,WT006
29,WT_parental,16,0.15001459205997192,16,WT006
30,WT010,16,0.3638070152352251,16,WT006
31,WT010,16,0.6626972382487868,16,WT006
32,WT010,16,0.672326584522456,16,WT006
33,WT011,16,-0.3838602873844076,16,WT006
34,WT011,16,-0.4704120658135771,16,WT006
35,WT011,16,-0.2833566020104083,16,WT006
36,WT012,16,0.2672355700233692,16,WT006
37,WT012,16,0.08440376704603261,16,WT006
38,WT012,16,0.13000836633298668,16,WT006
39,WT013,16,0.280278683408881,16,WT006
40,WT013,16,0.39921685383312955,16,WT006
41,WT013,16,0.35161278811310775,16,WT006
42,WT014,16,-0.1628685619595138,16,WT006
43,WT014,16,-0.28024466639756085,16,WT006
44,WT014,16,-0.35934328497381784,16,WT006
45,WT015,16,0.1901821959195505,16,WT006
46,WT015,16,0.5323765097129095,16,WT006
47,WT015,16,0.2726869539400778,16,WT006
18,WT006,17,0.7638372969476094,17,WT006
19,WT_parental,17,-0.12166260508067146,17,WT006
20,WT007,17,-0.1482370496943771,17,WT006
21,WT007,17,-0.15247440556516484,17,WT006
22,WT007,17,-0.03860768424504703,17,WT006
23,WT008,17,-0.05081646523805391,17,WT006
24,WT008,17,-0.045821809613197345,17,WT006
25,WT008,17,-0.08173350502442914,17,WT006
26,WT009,17,0.12985742913463733,17,WT006
27,WT009,17,0.2078866792858925,17,WT006
28,WT009,17,0.09168191635501934,17,WT006
29,WT_parental,17,0.04736403826784637,17,WT006
30,WT010,17,0.24566605896798463,17,WT006
31,WT010,17,0.5175335797676053,17,WT006
32,WT010,17,0.5626226819106407,17,WT006
33,WT011,17,-0.3656149399854399,17,WT006
34,WT011,17,-0.4078590533242073,17,WT006
35,WT011,17,-0.28113654651671327,17,WT006
36,WT012,17,0.26985932374630645,17,WT006
37,WT012,17,0.26278320454819376,17,WT006
38,WT012,17,0.1708542937250731,17,WT006
39,WT013,17,0.1257008309437324,17,WT006
40,WT013,17,0.30751323343581577,17,WT006
41,WT013,17,0.2363063067213485,17,WT006
42,WT014,17,-0.21257208241780043,17,WT006
43,WT014,17,-0.3080159076773465,17,WT006
44,WT014,17,-0.35576399776439227,17,WT006
45,WT015,17,0.07955402389749915,17,WT006
46,WT015,17,0.43940494616264597,17,WT006
47,WT015,17,0.17105273941484417,17,WT006
19,WT_parental,18,0.19690429782120933,18,WT006
20,WT007,18,-0.387332720811189,18,WT006
21,WT007,18,-0.3957759653295507,18,WT006
22,WT007,18,-0.2926618336361484,18,WT006
23,WT008,18,-0.25461666401000843,18,WT006
24,WT008,18,-0.22051277747713602,18,WT006
25,WT008,18,-0.3142163419259017,18,WT006
26,WT009,18,-0.052661695362955264,18,WT006
27,WT009,18,0.013601749417177983,18,WT006
28,WT009,18,0.011497928021030758,18,WT006
29,WT_parental,18,0.31381856976956657,18,WT006
30,WT010,18,0.21978831468993104,18,WT006
31,WT010,18,0.36903484442969486,18,WT006
32,WT010,18,0.41007814411916166,18,WT006
33,WT011,18,-0.37243714499815567,18,WT006
34,WT011,18,-0.34110133059001163,18,WT006
35,WT011,18,-0.20509388894831668,18,WT006
36,WT012,18,0.15173103138885968,18,WT006
37,WT012,18,0.06816540783885992,18,WT006
38,WT012,18,0.03327723267708354,18,WT006
39,WT013,18,0.23909526979095636,18,WT006
40,WT013,18,0.3587833896745322,18,WT006
41,WT013,18,0.37627188117002425,18,WT006
42,WT014,18,0.043765849145712694,18,WT006
43,WT014,18,-0.035719257229165566,18,WT006
44,WT014,18,-0.07311346310631595,18,WT006
45,WT015,18,0.17156060554711092,18,WT006
46,WT015,18,0.5385889332526586,18,WT006
47,WT015,18,0.3373084947904,18,WT006
20,WT007,19,-0.1512653353863487,19,WT_parental
21,WT007,19,-0.2506396777907945,19,WT_parental
22,WT007,19,-0.26087163564141264,19,WT_parental
23,WT008,19,-0.19283324826902415,19,WT_parental
24,WT008,19,-0.21478226400329392,19,WT_parental
25,WT008,19,-0.4172695530539518,19,WT_parental
26,WT009,19,-0.43094267573023454,19,WT_parental
27,WT009,19,-0.23555823830688638,19,WT_parental
28,WT009,19,-0.3339090146142721,19,WT_parental
29,WT_parental,19,0.8906445835629025,19,WT_parental
30,WT010,19,-0.025480206713506037,19,WT_parental
31,WT010,19,-0.046390644033900065,19,WT_parental
32,WT010,19,-0.14292997559598056,19,WT_parental
33,WT011,19,-0.26954463134764167,19,WT_parental
34,WT011,19,-0.1535860932459054,19,WT_parental
35,WT011,19,-0.11452307900187474,19,WT_parental
36,WT012,19,-0.0770734271638233,19,WT_parental
37,WT012,19,-0.1988628561247429,19,WT_parental
38,WT012,19,-0.4849019248938337,19,WT_parental
39,WT013,19,0.1666768191655477,19,WT_parental
40,WT013,19,0.1081556143708094,19,WT_parental
41,WT013,19,0.16355490008132004,19,WT_parental
42,WT014,19,0.7986296432538087,19,WT_parental
43,WT014,19,0.8276537977974633,19,WT_parental
44,WT014,19,0.7863517718406166,19,WT_parental
45,WT015,19,0.1317640239640595,19,WT_parental
46,WT015,19,0.09622927505856095,19,WT_parental
47,WT015,19,0.24349423033706777,19,WT_parental
21,WT007,20,0.8850657187888089,20,WT007
22,WT007,20,0.866233717839139,20,WT007
23,WT008,20,0.6373542712323279,20,WT007
24,WT008,20,0.6833579423226902,20,WT007
25,WT008,20,0.6162063640939177,20,WT007
26,WT009,20,0.4286403050450051,20,WT007
27,WT009,20,0.36423990708759013,20,WT007
28,WT009,20,0.30766023677575294,20,WT007
29,WT_parental,20,-0.28891153801853026,20,WT007
30,WT010,20,-0.10437371316791517,20,WT007
31,WT010,20,-0.2191163025928427,20,WT007
32,WT010,20,-0.16725786069975102,20,WT007
33,WT011,20,0.1690174471037599,20,WT007
34,WT011,20,0.351302224883564,20,WT007
35,WT011,20,0.09438135836881792,20,WT007
36,WT012,20,-0.07958922719226055,20,WT007
37,WT012,20,0.09150179350623006,20,WT007
38,WT012,20,-0.09327033905721277,20,WT007
39,WT013,20,-0.49244407029366905,20,WT007
40,WT013,20,-0.591679673320523,20,WT007
41,WT013,20,-0.75635860497982,20,WT007
42,WT014,20,-0.165065507816266,20,WT007
43,WT014,20,-0.031984303375558576,20,WT007
44,WT014,20,-0.06841318456260854,20,WT007
45,WT015,20,-0.39500553437006514,20,WT007
46,WT015,20,-0.6308702747461893,20,WT007
47,WT015,20,-0.5713465354461599,20,WT007
22,WT007,21,0.9104388497832765,21,WT007
23,WT008,21,0.6552819998270255,21,WT007
24,WT008,21,0.7547673716210843,21,WT007
25,WT008,21,0.6787618758498485,21,WT007
26,WT009,21,0.5068378513140861,21,WT007
27,WT009,21,0.48613771548859114,21,WT007
28,WT009,21,0.3962075077264781,21,WT007
29,WT_parental,21,-0.4286911503594595,21,WT007
30,WT010,21,-0.23747998230749032,21,WT007
31,WT010,21,-0.2686707774855866,21,WT007
32,WT010,21,-0.20475266240454537,21,WT007
33,WT011,21,0.3525198901838365,21,WT007
34,WT011,21,0.49956793705901154,21,WT007
35,WT011,21,0.28467201460984637,21,WT007
36,WT012,21,-0.2526757902525338,21,WT007
37,WT012,21,0.08246643437222297,21,WT007
38,WT012,21,-0.1895718084116549,21,WT007
39,WT013,21,-0.578853010692609,21,WT007
40,WT013,21,-0.6231737065439561,21,WT007
41,WT013,21,-0.7154450937736155,21,WT007
42,WT014,21,-0.17427435790043191,21,WT007
43,WT014,21,-0.043505842263396544,21,WT007
44,WT014,21,-0.06216629855755454,21,WT007
45,WT015,21,-0.40696566705917486,21,WT007
46,WT015,21,-0.6667849970088596,21,WT007
47,WT015,21,-0.6719468589251009,21,WT007
23,WT008,22,0.7132246060559498,22,WT007
24,WT008,22,0.8161778596828665,22,WT007
25,WT008,22,0.7056144761033345,22,WT007
26,WT009,22,0.5453241857628357,22,WT007
27,WT009,22,0.5594239927957807,22,WT007
28,WT009,22,0.4379546523445255,22,WT007
29,WT_parental,22,-0.3759037017940798,22,WT007
30,WT010,22,-0.25665387222169644,22,WT007
31,WT010,22,-0.19584262633778285,22,WT007
32,WT010,22,-0.1351570173812196,22,WT007
33,WT011,22,0.32842120007553177,22,WT007
34,WT011,22,0.4343268278606092,22,WT007
35,WT011,22,0.31811967493534715,22,WT007
36,WT012,22,-0.20387905403407194,22,WT007
37,WT012,22,0.09029491159587164,22,WT007
38,WT012,22,-0.1797017395661598,22,WT007
39,WT013,22,-0.5672823831318102,22,WT007
40,WT013,22,-0.599731067472608,22,WT007
41,WT013,22,-0.6538308544891925,22,WT007
42,WT014,22,-0.21214440261550446,22,WT007
43,WT014,22,-0.096870515157485,22,WT007
44,WT014,22,-0.13055703344944317,22,WT007
45,WT015,22,-0.4119449648121392,22,WT007
46,WT015,22,-0.6623452378301476,22,WT007
47,WT015,22,-0.6312712832048486,22,WT007
24,WT008,23,0.8395678184718384,23,WT008
25,WT008,23,0.7794915529583544,23,WT008
26,WT009,23,0.6671298954241256,23,WT008
27,WT009,23,0.58300573885212,23,WT008
28,WT009,23,0.6487804182893685,23,WT008
29,WT_parental,23,-0.2808952198770245,23,WT008
30,WT010,23,-0.299205745526181,23,WT008
31,WT010,23,-0.3001056005068548,23,WT008
32,WT010,23,-0.26401932968347497,23,WT008
33,WT011,23,0.3491429116363382,23,WT008
34,WT011,23,0.45792200677700895,23,WT008
35,WT011,23,0.3981445815555835,23,WT008
36,WT012,23,-0.27682312932802056,23,WT008
37,WT012,23,-0.06342924584722162,23,WT008
38,WT012,23,-0.08204325409348423,23,WT008
39,WT013,23,-0.4717174799861728,23,WT008
40,WT013,23,-0.5794349910638393,23,WT008
41,WT013,23,-0.5125495590726751,23,WT008
42,WT014,23,-0.17365990234957404,23,WT008
43,WT014,23,-0.12589572998586596,23,WT008
44,WT014,23,-0.08807689393289811,23,WT008
45,WT015,23,-0.43757155993865576,23,WT008
46,WT015,23,-0.6877441161047545,23,WT008
47,WT015,23,-0.5815328551609574,23,WT008
25,WT008,24,0.8033686909815512,24,WT008
26,WT009,24,0.6769906769936684,24,WT008
27,WT009,24,0.6265917209041589,24,WT008
28,WT009,24,0.6537634834954429,24,WT008
29,WT_parental,24,-0.3407193234437129,24,WT008
30,WT010,24,-0.38016605863159875,24,WT008
31,WT010,24,-0.2864847857636156,24,WT008
32,WT010,24,-0.2548910643386279,24,WT008
33,WT011,24,0.38552942467515783,24,WT008
34,WT011,24,0.48292975424741186,24,WT008
35,WT011,24,0.3680873750027092,24,WT008
36,WT012,24,-0.3449809954474676,24,WT008
37,WT012,24,-0.01932185647779911,24,WT008
38,WT012,24,-0.15870749930775202,24,WT008
39,WT013,24,-0.5442879896244173,24,WT008
40,WT013,24,-0.6237001972585211,24,WT008
41,WT013,24,-0.5947179684793482,24,WT008
42,WT014,24,-0.1955023082205761,24,WT008
43,WT014,24,-0.10899863925112613,24,WT008
44,WT014,24,-0.10850513139491828,24,WT008
45,WT015,24,-0.4570127756080577,24,WT008
46,WT015,24,-0.7261275713491973,24,WT008
47,WT015,24,-0.6782748284650412,24,WT008
26,WT009,25,0.6588090637255295,25,WT008
27,WT009,25,0.5831828950541398,25,WT008
28,WT009,25,0.7069272252037238,25,WT008
29,WT_parental,25,-0.4651609709092513,25,WT008
30,WT010,25,-0.21687343475629595,25,WT008
31,WT010,25,-0.35869547281171893,25,WT008
32,WT010,25,-0.2360117157655961,25,WT008
33,WT011,25,0.42619990343925124,25,WT008
34,WT011,25,0.4925515280593525,25,WT008
35,WT011,25,0.3461593214221373,25,WT008
36,WT012,25,-0.29462196139928626,25,WT008
37,WT012,25,0.17136496641921833,25,WT008
38,WT012,25,0.09187872812219912,25,WT008
39,WT013,25,-0.6146034496706464,25,WT008
40,WT013,25,-0.646208750289732,25,WT008
41,WT013,25,-0.6295119399304077,25,WT008
42,WT014,25,-0.3135039396574554,25,WT008
43,WT014,25,-0.21521911797268564,25,WT008
44,WT014,25,-0.17461062850901804,25,WT008
45,WT015,25,-0.43201389707921334,25,WT008
46,WT015,25,-0.6640566100630884,25,WT008
47,WT015,25,-0.5744694464767892,25,WT008
27,WT009,26,0.7082106802101461,26,WT009
28,WT009,26,0.7641865771088755,26,WT009
29,WT_parental,26,-0.44251371592593436,26,WT009
30,WT010,26,-0.12726650000158232,26,WT009
31,WT010,26,-0.07401873665379718,26,WT009
32,WT010,26,-0.05016869086855505,26,WT009
33,WT011,26,0.3446713799694113,26,WT009
34,WT011,26,0.2903272284608296,26,WT009
35,WT011,26,0.1880056893485302,26,WT009
36,WT012,26,-0.20522878522731908,26,WT009
37,WT012,26,0.007207627480182209,26,WT009
38,WT012,26,0.1263136388571186,26,WT009
39,WT013,26,-0.35777685103270723,26,WT009
40,WT013,26,-0.4970261178413214,26,WT009
41,WT013,26,-0.35541394302935725,26,WT009
42,WT014,26,-0.35918128286921336,26,WT009
43,WT014,26,-0.33916662455187213,26,WT009
44,WT014,26,-0.32789212777397847,26,WT009
45,WT015,26,-0.23549284254940828,26,WT009
46,WT015,26,-0.3513722503398106,26,WT009
47,WT015,26,-0.4426090612443176,26,WT009
28,WT009,27,0.6824937172873153,27,WT009
29,WT_parental,27,-0.313938247908844,27,WT009
30,WT010,27,-0.233564112427334,27,WT009
31,WT010,27,-0.24003835516837255,27,WT009
32,WT010,27,-0.1551032381674137,27,WT009
33,WT011,27,0.32544739699328057,27,WT009
34,WT011,27,0.370712833332081,27,WT009
35,WT011,27,0.31422367748030455,27,WT009
36,WT012,27,-0.22171102166888976,27,WT009
37,WT012,27,0.21694588062438072,27,WT009
38,WT012,27,-0.05034784891630146,27,WT009
39,WT013,27,-0.49369579532885755,27,WT009
40,WT013,27,-0.5045207998485757,27,WT009
41,WT013,27,-0.36170345300866785,27,WT009
42,WT014,27,-0.16843754747226336,27,WT009
43,WT014,27,-0.1062182166026346,27,WT009
44,WT014,27,-0.10575806185934683,27,WT009
45,WT015,27,-0.29579172608576093,27,WT009
46,WT015,27,-0.4011972133283599,27,WT009
47,WT015,27,-0.4989643103578302,27,WT009
29,WT_parental,28,-0.3046787570927327,28,WT009
30,WT010,28,-0.19229617932965273,28,WT009
31,WT010,28,-0.2149608939069456,28,WT009
32,WT010,28,-0.20150325028377836,28,WT009
33,WT011,28,0.3617186669574674,28,WT009
34,WT011,28,0.2660724414467658,28,WT009
35,WT011,28,0.2142073771768567,28,WT009
36,WT012,28,-0.24339247327325547,28,WT009
37,WT012,28,0.0941169876970269,28,WT009
38,WT012,28,0.24084498253845157,28,WT009
39,WT013,28,-0.4099540826967223,28,WT009
40,WT013,28,-0.5544117685637919,28,WT009
41,WT013,28,-0.33731524382581773,28,WT009
42,WT014,28,-0.2939274911628961,28,WT009
43,WT014,28,-0.2797577707254521,28,WT009
44,WT014,28,-0.22746512246825726,28,WT009
45,WT015,28,-0.23635448870716055,28,WT009
46,WT015,28,-0.3579788284093421,28,WT009
47,WT015,28,-0.36413661486096893,28,WT009
30,WT010,29,0.11348139397267051,29,WT_parental
31,WT010,29,0.16414629469163816,29,WT_parental
32,WT010,29,0.027011765880809262,29,WT_parental
33,WT011,29,-0.36246249460063895,29,WT_parental
34,WT011,29,-0.4009514495950256,29,WT_parental
35,WT011,29,-0.2763863915745623,29,WT_parental
36,WT012,29,0.10582365361477782,29,WT_parental
37,WT012,29,-0.0726307002097927,29,WT_parental
38,WT012,29,-0.2606388012786686,29,WT_parental
39,WT013,29,0.281360038655747,29,WT_parental
40,WT013,29,0.24611150358956357,29,WT_parental
41,WT013,29,0.3717695898029672,29,WT_parental
42,WT014,29,0.7268936197403071,29,WT_parental
43,WT014,29,0.6600518819075668,29,WT_parental
44,WT014,29,0.6067865278432623,29,WT_parental
45,WT015,29,0.2235663014438861,29,WT_parental
46,WT015,29,0.3175187697398267,29,WT_parental
47,WT015,29,0.4316085284262059,29,WT_parental
31,WT010,30,0.3883519335338024,30,WT010
32,WT010,30,0.378991353099567,30,WT010
33,WT011,30,-0.3810952973342438,30,WT010
34,WT011,30,-0.4753629097673947,30,WT010
35,WT011,30,-0.4104028415875086,30,WT010
36,WT012,30,0.30130424132048395,30,WT010
37,WT012,30,0.1605376945857335,30,WT010
38,WT012,30,0.40425582476025224,30,WT010
39,WT013,30,0.35623766136320356,30,WT010
40,WT013,30,0.26770387954680425,30,WT010
41,WT013,30,0.23954426837323328,30,WT010
42,WT014,30,-0.07550071125363791,30,WT010
43,WT014,30,-0.1330313196574277,30,WT010
44,WT014,30,-0.13202365245966294,30,WT010
45,WT015,30,0.2599146082618037,30,WT010
46,WT015,30,0.44470474259695075,30,WT010
47,WT015,30,0.4861504969101168,30,WT010
32,WT010,31,0.7456235861327339,31,WT010
33,WT011,31,-0.2592184147692325,31,WT010
34,WT011,31,-0.5352119640414685,31,WT010
35,WT011,31,-0.3445058587704287,31,WT010
36,WT012,31,0.3459578259027448,31,WT010
37,WT012,31,0.03562160716848878,31,WT010
38,WT012,31,0.1636397413876179,31,WT010
39,WT013,31,0.4034992093034346,31,WT010
40,WT013,31,0.4544601419042434,31,WT010
41,WT013,31,0.4826948041198739,31,WT010
42,WT014,31,-0.09220143236121053,31,WT010
43,WT014,31,-0.2523884672282243,31,WT010
44,WT014,31,-0.3546107852384664,31,WT010
45,WT015,31,0.2794683412152575,31,WT010
46,WT015,31,0.5161783710344187,31,WT010
47,WT015,31,0.3142601274480956,31,WT010
33,WT011,32,-0.2862533612020359,32,WT010
34,WT011,32,-0.42350509212408194,32,WT010
35,WT011,32,-0.2234166541629842,32,WT010
36,WT012,32,0.4176123512989289,32,WT010
37,WT012,32,0.24274109138750033,32,WT010
38,WT012,32,0.27805571357234055,32,WT010
39,WT013,32,0.3179624627779161,32,WT010
40,WT013,32,0.48699263036971213,32,WT010
41,WT013,32,0.47603342679040705,32,WT010
42,WT014,32,-0.23660429780272882,32,WT010
43,WT014,32,-0.36610859358834824,32,WT010
44,WT014,32,-0.438754625702309,32,WT010
45,WT015,32,0.24889401043936835,32,WT010
46,WT015,32,0.5386369825006754,32,WT010
47,WT015,32,0.3465362645343749,32,WT010
34,WT011,33,0.6722488034142466,33,WT011
35,WT011,33,0.6550462782389302,33,WT011
36,WT012,33,-0.29513511170329226,33,WT011
37,WT012,33,-0.13504000953007728,33,WT011
38,WT012,33,-0.09791859010033319,33,WT011
39,WT013,33,-0.28896688986770014,33,WT011
40,WT013,33,-0.310410125720727,33,WT011
41,WT013,33,-0.16192178503158958,33,WT011
42,WT014,33,-0.11001609155125726,33,WT011
43,WT014,33,-0.05576834459224526,33,WT011
44,WT014,33,-0.015201160933334948,33,WT011
45,WT015,33,-0.09784644785357559,33,WT011
46,WT015,33,-0.36457249029003663,33,WT011
47,WT015,33,-0.37782628316979,33,WT011
35,WT011,34,0.7169653159985253,34,WT011
36,WT012,34,-0.3746179070227259,34,WT011
37,WT012,34,-0.13649323922408313,34,WT011
38,WT012,34,-0.28445370873054476,34,WT011
39,WT013,34,-0.3723726177236235,34,WT011
40,WT013,34,-0.3439114006232077,34,WT011
41,WT013,34,-0.406978024532441,34,WT011
42,WT014,34,-0.02079196017628561,34,WT011
43,WT014,34,0.07445842734681124,34,WT011
44,WT014,34,0.09424021649410341,34,WT011
45,WT015,34,-0.25279237229902896,34,WT011
46,WT015,34,-0.5879599100628189,34,WT011
47,WT015,34,-0.5319484942491747,34,WT011
36,WT012,35,-0.3985481065139473,35,WT011
37,WT012,35,-0.22977894527659434,35,WT011
38,WT012,35,-0.3119643400067233,35,WT011
39,WT013,35,-0.25792870804408724,35,WT011
40,WT013,35,-0.19199202670041043,35,WT011
41,WT013,35,-0.08715434606763875,35,WT011
42,WT014,35,0.01239164839013556,35,WT011
43,WT014,35,0.005345590353309116,35,WT011
44,WT014,35,0.027626649561271387,35,WT011
45,WT015,35,-0.1566256503237875,35,WT011
46,WT015,35,-0.340722392320302,35,WT011
47,WT015,35,-0.31387896527641407,35,WT011
37,WT012,36,0.5341477299285958,36,WT012
38,WT012,36,0.5176194865497716,36,WT012
39,WT013,36,0.36471637494958015,36,WT012
40,WT013,36,0.37468847324623195,36,WT012
41,WT013,36,0.28976807038112695,36,WT012
42,WT014,36,-0.18661945664827098,36,WT012
43,WT014,36,-0.2526555597184669,36,WT012
44,WT014,36,-0.25617463026223025,36,WT012
45,WT015,36,0.23826338938984734,36,WT012
46,WT015,36,0.38413392015082454,36,WT012
47,WT015,36,0.3220391608723037,36,WT012
38,WT012,37,0.4961895464806923,37,WT012
39,WT013,37,-0.1256379332412103,37,WT012
40,WT013,37,-0.030484450488342,37,WT012
41,WT013,37,-0.02398998473486646,37,WT012
42,WT014,37,-0.2568504332413737,37,WT012
43,WT014,37,-0.17873470138158368,37,WT012
44,WT014,37,-0.15748733973140605,37,WT012
45,WT015,37,-0.06096700850813892,37,WT012
46,WT015,37,0.12019535719114142,37,WT012
47,WT015,37,0.04029856204789508,37,WT012
39,WT013,38,0.26276323717749855,38,WT012
40,WT013,38,0.17655430400426017,38,WT012
41,WT013,38,0.21119227171557903,38,WT012
42,WT014,38,-0.5634947549236056,38,WT012
43,WT014,38,-0.6111899456559932,38,WT012
44,WT014,38,-0.5552590297107052,38,WT012
45,WT015,38,0.13984150432053702,38,WT012
46,WT015,38,0.294961961406103,38,WT012
47,WT015,38,0.3507059533125339,38,WT012
40,WT013,39,0.768022180602403,39,WT013
41,WT013,39,0.7391554488560852,39,WT013
42,WT014,39,-0.06965989088043642,39,WT013
43,WT014,39,-0.17468636630106843,39,WT013
44,WT014,39,-0.17729601641918347,39,WT013
45,WT015,39,0.5039213904523924,39,WT013
46,WT015,39,0.542468441638155,39,WT013
47,WT015,39,0.5643184619209318,39,WT013
41,WT013,40,0.7920282871036214,40,WT013
42,WT014,40,0.01352540663656142,40,WT013
43,WT014,40,-0.12952667515881738,40,WT013
44,WT014,40,-0.17019395935211365,40,WT013
45,WT015,40,0.4262578108257145,40,WT013
46,WT015,40,0.6222446937269885,40,WT013
47,WT015,40,0.5594633475776182,40,WT013
42,WT014,41,0.07941759090020635,41,WT013
43,WT014,41,-0.11023492543888402,41,WT013
44,WT014,41,-0.11194867005663536,41,WT013
45,WT015,41,0.4939888349170722,41,WT013
46,WT015,41,0.6600732920689191,41,WT013
47,WT015,41,0.5994772520453517,41,WT013
43,WT014,42,0.9095424164575968,42,WT014
44,WT014,42,0.8691361466262452,42,WT014
45,WT015,42,0.06892280033470685,42,WT014
46,WT015,42,0.06178213544545262,42,WT014
47,WT015,42,0.15397146430813952,42,WT014
44,WT014,43,0.9684125388739712,43,WT014
45,WT015,43,-0.011170456288071121,43,WT014
46,WT015,43,-0.10339066883042075,43,WT014
47,WT015,43,0.044976420096485475,43,WT014
45,WT015,44,-0.016135798154217614,44,WT014
46,WT015,44,-0.14246684611157467,44,WT014
47,WT015,44,0.04042579384563884,44,WT014
46,WT015,45,0.484381075492178,45,WT015
47,WT015,45,0.49730878194527095,45,WT015
47,WT015,46,0.8198779089577872,46,WT015
