Metadata_Plate,Metadata_Well,Metadata_Assay_Plate_Barcode,Metadata_Plate_Map_Name,Metadata_Batch_Number,Metadata_well_position,Metadata_CellLine,Metadata_Dosage,Cells_AreaShape_Orientation,Cells_AreaShape_Zernike_2_0,Cells_AreaShape_Zernike_3_1,Cells_AreaShape_Zernike_4_4,Cells_AreaShape_Zernike_6_2,Cells_AreaShape_Zernike_7_1,Cells_AreaShape_Zernike_7_3,Cells_AreaShape_Zernike_8_2,Cells_AreaShape_Zernike_8_4,Cells_AreaShape_Zernike_8_8,Cells_AreaShape_Zernike_9_1,Cells_AreaShape_Zernike_9_3,Cells_Intensity_IntegratedIntensityEdge_DNA,Cells_Intensity_IntegratedIntensityEdge_RNA,Cells_RadialDistribution_RadialCV_AGP_1of4,Cells_RadialDistribution_RadialCV_Mito_1of4,Cytoplasm_AreaShape_EulerNumber,Cytoplasm_AreaShape_Orientation,Cytoplasm_AreaShape_Zernike_1_1,Cytoplasm_AreaShape_Zernike_3_1,Cytoplasm_AreaShape_Zernike_3_3,Cytoplasm_AreaShape_Zernike_5_3,Cytoplasm_AreaShape_Zernike_5_5,Cytoplasm_AreaShape_Zernike_8_4,Cytoplasm_AreaShape_Zernike_8_6,Cytoplasm_AreaShape_Zernike_9_5,Cytoplasm_Correlation_K_ER_DNA,Cytoplasm_Correlation_K_ER_RNA,Cytoplasm_Granularity_2_AGP,Cytoplasm_Granularity_2_ER,Cytoplasm_Granularity_2_Mito,Cytoplasm_Granularity_2_RNA,Cytoplasm_Granularity_3_RNA,Cytoplasm_Intensity_IntegratedIntensity_DNA,Cytoplasm_Intensity_IntegratedIntensity_ER,Cytoplasm_Intensity_IntegratedIntensity_RNA,Cytoplasm_RadialDistribution_FracAtD_ER_1of4,Cytoplasm_RadialDistribution_MeanFrac_DNA_3of4,Cytoplasm_RadialDistribution_MeanFrac_DNA_4of4,Cytoplasm_Texture_InfoMeas1_DNA_10_00,Nuclei_AreaShape_MaxFeretDiameter,Nuclei_AreaShape_Orientation,Nuclei_AreaShape_Zernike_6_2,Nuclei_AreaShape_Zernike_8_0,Nuclei_Correlation_Correlation_ER_AGP,Nuclei_Correlation_Correlation_ER_RNA,Nuclei_Granularity_2_DNA,Nuclei_Granularity_7_DNA,Nuclei_Granularity_8_DNA,Nuclei_Granularity_9_DNA,Nuclei_Location_MaxIntensity_Y_RNA,Nuclei_RadialDistribution_MeanFrac_Mito_1of4,Nuclei_RadialDistribution_RadialCV_AGP_1of4,Nuclei_RadialDistribution_RadialCV_AGP_2of4,Nuclei_RadialDistribution_RadialCV_ER_1of4,Nuclei_RadialDistribution_RadialCV_Mito_1of4,Nuclei_Texture_Correlation_RNA_10_01,Nuclei_Texture_Correlation_RNA_10_03
HCT116bortezomib,B03,HCT116bortezomib,PlateMap_HCT116bortezomib,1,B03,WT,0,0.8572765709939386,-0.3858899315678716,-1.059273797517488,2.1565426249279187,0.3437551272624138,-1.2508899899687023,1.3489714045594037,-0.46375528937003757,0.7083775641051284,1.9929036776439446,-1.229624585306199,0.0044022945878497794,-0.007793534000642009,0.4656048887413549,-0.9740518996847589,-1.1473679574656643,-0.3426573997274398,1.108779339816341,-1.3769975312418696,-1.4251151820652281,0.1145039955323159,0.5951443932856385,0.8951470814599972,-0.7651374915040118,-1.598952225266427,0.37815757098541397,-1.6875874791986563,-1.1705365334081472,0.13885303180654673,0.742532028653891,-0.3887819511183576,1.2589971692474087,-0.23834397429004064,-1.6955131415280382,-1.244710895291505,-1.620334787407222,0.6277245444926229,0.5456176223852525,-0.13359814870245226,0.6874500496572485,0.11162441033347696,1.3104046188802063,-0.13173838099894913,-1.3108506871862746,-0.46850220340804105,-0.4288306383806267,-0.32932023726306675,-1.6894967286877165,-0.4702435463133127,1.1216062191466818,0.37625929715641565,-1.7590551549505122,-0.6805355644429261,-0.644600404861591,-0.5634461428261778,-0.3636315712613169,-1.433559026637242,-1.0812188002966014
HCT116bortezomib,B04,HCT116bortezomib,PlateMap_HCT116bortezomib,1,B04,WT,0,0.6864910868034356,0.5024000399640479,-0.9271251938214001,1.5214941581642278,-0.42819628001053955,-0.5754144902493769,0.4172523257915787,-0.6516110704750709,1.2213922573041995,1.6369812726070334,-1.1073370529855115,-0.7357214904772431,1.4130407261379894,2.168892159408947,-0.9271508859827933,-1.0306894907665747,-0.455522493197086,0.8103332493816835,-1.2574401805086057,-1.1601985281430032,0.20038818425603522,0.41938850277468975,0.9322402451374855,-0.553024078996078,-1.5598374465590652,0.017408942061337564,-0.21569723932311347,0.2167636391352371,-0.09524841763955931,0.1287150317746076,-0.4476268089686896,0.8502852729995892,-0.6224970245067604,-0.8762988259702732,-0.854173579848573,-0.8831579545315216,0.3209162260042532,0.3418637796933134,0.04347663447636192,-0.42504665372860734,0.07311268129736062,1.6674843203234742,-0.0876533755948355,-0.669237717854894,-0.06910312934576784,-0.29741461468799074,-0.564122227809909,-1.7129102546773385,-0.24886161447439345,0.03721792028637422,-0.5443364941808078,-1.4139421669475847,-0.48795577597152384,-0.6747322948980515,-0.7727316449684244,-0.2259001090160705,-0.5505529192499864,-0.51434099009834
HCT116bortezomib,B05,HCT116bortezomib,PlateMap_HCT116bortezomib,1,B05,WT,0,0.06455059315057203,0.0033802002804088228,-0.572242152564315,1.3187141646654028,-0.14143790401020634,-0.8611175952132435,0.4731617214634896,-1.1472383667309658,0.640603954848062,1.3604147562603974,-0.4299022454074574,-0.48713407709251433,0.8815919223764939,1.351369339162143,-0.6452057217014046,-0.8166478802611015,-0.7701476514828495,-0.15407252113443776,-0.8608487653523106,-0.03349169344260018,0.3541500312160732,0.3680433126656787,1.2299399133285194,-0.07571544138038101,-0.25213518038471,-0.06829701523137541,0.5704129159210759,1.112287535963511,0.08106349511243773,0.06735249117307453,-0.32638742227244005,0.41548629333682874,-0.8590138105871985,-0.6870317570058375,-0.9792331337204722,-0.7583053423753594,-0.31706839879579496,0.7243148818857077,-0.952474393646105,0.11413127642986641,-0.1503106134186348,-0.2722946149545496,-0.05763104453666848,-0.633072356536266,-0.077537121401265785,0.49050804199460357,-0.8272111272460354,-0.7594058606227079,0.022638462781093598,-0.3813744993133858,-0.14064921987330167,-1.3436752399586598,-0.09388886711943403,-0.2848552971110823,-0.6295426524852531,-0.08707353992097272,0.08001385423693026,0.5337525214712827
HCT116bortezomib,B06,HCT116bortezomib,PlateMap_HCT116bortezomib,1,B06,CloneA,0,-1.7685547295594666,-0.05179931317805277,-0.8146324803693236,0.3821208340469125,0.32187909284894334,-0.8727703098626314,0.06213968058838474,-0.10683526314167258,0.628196158220874,1.3173792946925083,-0.6483175521755205,-0.9096130172210414,-0.17502177422496903,0.1366061807636605,-0.4171054439608386,0.2365199375942501,0.5127933087880059,-0.4335930145211369,-0.7491521591459824,0.5814090949046886,-0.40752920219037464,-0.10650035377974783,0.18906496868583375,-0.8253996264838203,0.06147282070155063,-0.9498023894980887,-0.4165511555401296,0.10730865724872003,0.14751556393765794,-1.3453409698266954,0.5480187956992807,-0.029704196585844257,-1.3182169142698426,-0.9281529998866146,-0.6959905835045977,-0.7498847980064427,-0.003442407650342651,1.050432495696352,-1.076113911987997,0.7703836919870684,-0.6490312516834863,-0.5690612123163683,-0.6246851201699608,-0.00299128335453509,-0.6325825603119972,-0.12849785156273424,-0.9258905967915153,0.41718717752762374,-0.39566999561046867,-0.5101520125721336,-1.0461123713016451,-1.2836206808023596,0.6013037395578352,-0.1882155179437857,-0.7019101109386224,2.076125106881103,0.5671375429790396,0.24059249703956762
HCT116bortezomib,B07,HCT116bortezomib,PlateMap_HCT116bortezomib,1,B07,CloneA,0,0.6292262102481608,0.5930739316716632,-0.7673334875406425,0.3809356790248391,0.11380767476035228,-1.1612654062560812,0.6436840602274952,-0.6973704484781194,0.7267198452924686,0.16874712270603984,-0.7108713760011178,0.5173757149357094,-0.04063624965393503,-1.2879979236940382,-0.2955974133138355,-0.26927228306000356,1.0231711374733101,-0.37430126662468977,-0.7208833168754407,1.0791318668126937,0.5872191449323511,0.07625802088372732,0.7294424896935816,-0.6959306143942195,-0.5250233372622332,-0.6759313092288539,0.11983983178310541,-1.4886105442609208,0.7494267525828309,-0.47703634334891654,0.543096600724749,0.15158432248503165,-1.6881649116981536,-1.0496718574202106,-1.0969460878321537,-1.5576634795752264,-0.3221956316387004,-0.024501989366814605,0.24590876584346244,0.725512456404036,-0.8891037388923816,0.4495841456237113,-0.7189685030697135,0.0940240123822572,-1.1058478628356978,-0.6642600307609943,-0.3333490555173916,0.1146409364968999,-0.35786112946939236,-0.6641253279474617,-1.100480147641856,-0.8945231716613923,0.6868275155742569,-0.1608612676025771,-0.4133834716669962,1.313738804314397,-0.32444885151808933,-0.16244247611151827
HCT116bortezomib,B08,HCT116bortezomib,PlateMap_HCT116bortezomib,1,B08,CloneA,0,0.07036582968076587,0.5709761307446375,-0.08971157128267375,0.34762846415347143,-0.11380767476036359,0.41303916582863387,0.6163028747297727,0.009459700619594797,0.2975605830553653,-0.15274044769269207,-0.13315684599316213,-0.20314010414935704,0.09731814960040021,-0.25810448457751084,-0.10088216774281607,0.21241621999708596,0.4561492761107802,-0.06693013190598171,-0.32487766857736344,1.45588256143799,0.08862233420680678,0.07738091487855077,1.196925789175387,-0.9991711591906417,-0.06147282070155063,-1.1892393614850172,0.2620997084490419,0.04128426788319748,0.8476867103923522,-0.8067041755765443,0.5477547731363624,0.13400728916644522,-0.7920496746921306,-0.5964497221325177,-0.7175184302072094,-0.7763141783407906,0.0034424076503523607,0.9311787233803748,-1.114086177082701,0.5736476617673605,-0.3200874086088458,-0.5558666207400088,-0.6827360550509539,1.9685586929166239,-0.7126717055316659,0.7086944592728363,-1.358716744094621,0.9385213302542915,-0.19115721370380218,-0.7270425496684016,-1.058811088530713,-0.6013823832634007,0.9547045639311391,-0.064315457354696,-0.6355138681610392,2.4581120151669347,1.7453232876839726,1.146840687182952
HCT116bortezomib,B09,HCT116bortezomib,PlateMap_HCT116bortezomib,1,B09,CloneE,0,-1.1857106491423142,0.43287374785464555,-0.17791325198081342,1.0096998390297522,-0.2405344048817581,-0.1777255434375654,0.5036630140820733,-0.886649615106993,-0.003940420907071033,-0.08050858938444642,-0.3124086916071875,0.1828886955161659,-0.2955090900436148,-0.09605906668870873,0.012209661210751557,-0.5119190299238079,-0.895970981209311,-0.6386974860539733,0.17428059245536293,2.2709360382110138,0.9607639103852106,1.1169288737032599,1.13370186386071,-0.38884613193026213,0.33871028712772944,-1.2319107041976607,-0.48923291110319594,-0.24880144500580664,1.2891796738544414,-0.26990699554457115,0.1903496990509414,0.5646358626474827,-0.5918560833006349,-0.3977020668832378,-0.26923470462551113,-0.40902544209229763,0.18195311343024634,0.3736958081049571,0.09715297933168833,0.7961607956819435,-1.745287356910212,0.73109712058406,-0.9513636313628503,1.5860116971731515,-0.1938219576224761,-0.8921748609848436,-0.8643671426758455,-0.8025944378135791,-0.9096367030377405,-1.2891013901017097,-1.3661419812565956,-2.0944891229808933,0.13138831136711063,-0.5351850325259,-1.1026825675824725,-0.7558371529450675,-1.4047793455483926,-0.676246925961647
HCT116bortezomib,B10,HCT116bortezomib,PlateMap_HCT116bortezomib,1,B10,CloneE,0,-1.102424419083325,-0.09870007132857127,0.4447338002692464,0.6726572350894017,-0.4237704316268716,-0.007046367812689678,-0.06213968058840046,0.04176667007727992,0.003940420907071033,1.2081002729848607,0.3663011156242754,1.0683470087955078,-0.5770371899605576,-0.43726177883151485,0.7673319627183354,0.24893946130162142,-1.4197657638189227,-0.946665142682488,0.5356857625472038,1.874502990078362,0.44766224079290784,0.6230516712657448,0.3617187310317169,-0.49354442879143534,1.8692568101177938,-0.36597684265597463,-0.4659167906744785,0.10796543648122577,1.3772301164965497,0.23656755398956858,0.3999294446898903,0.9834069141696518,0.4278618828030279,-0.21811597138610136,-0.04713591174578536,-0.06272136463216019,-0.024545680278670653,0.3853597157587731,0.0553225283289836,0.6665524242433094,-1.4406983047825217,-0.019516281192873793,-1.4695077462012138,2.9398887233310464,0.8787692574122965,0.38219119939552704,-0.5071924008011474,-0.4194760799350462,-0.7369338835599043,-1.498475998559664,2.0933007488586015,-1.9485442507922983,0.7483414883204982,0.4543466844831812,-0.647071408014568,-0.21930801330527078,0.1299318116164306,-0.3214104425851326
HCT116bortezomib,B11,HCT116bortezomib,PlateMap_HCT116bortezomib,1,B11,CloneE,0,-0.6097093486010527,2.055061513501831,-0.33689792792246526,-0.15764381268442285,-1.4648334870706998,-0.06922847775868582,-0.849222716966158,-0.7533107038692219,-1.6697908687285057,-0.5649088980079956,0.28368839085733705,-0.42603127823205494,-1.2403911646949257,-0.2510375344521569,0.1741757948192298,-0.08181405385076394,0.2368251649727759,-0.3308859250327325,0.2672861660062763,1.730921639605911,0.9520218689542035,-0.06086002965676017,1.035708727475764,-0.6808484790734555,0.8163374516729482,-1.1429813447475825,-0.8970973666339535,0.5961295758457464,1.3707059752885054,0.07228731301654509,0.7101252860441803,0.76061183180679,0.1702452286429669,-0.24917594677927432,-0.08360461103329836,0.057572448789594693,-0.02719907604139859,0.9544947527057808,-1.3871321664692688,1.2390383521490185,-1.3865077846818263,1.688364718134249,-1.1908718486124383,2.082534343148057,0.7001454567708617,0.31002626240382225,-0.8739178182033214,-0.5380529216816747,-0.8642788977424173,-0.8788750417286925,0.7612932843774023,-2.307597916712188,-0.5577788958326214,-0.9947945769744488,-0.5936478427673624,-0.6346325180519539,-0.07120647136112186,0.35432810394844416
HCT116bortezomib,C03,HCT116bortezomib,PlateMap_HCT116bortezomib,1,C03,WT,0.7,-0.6295832513511599,-0.8649250346380295,-0.8491929727343672,2.6989957705013965,-0.3667430099468614,-1.0950298566878336,1.197745528859525,-0.6434795540826038,1.74882443520359,2.80170907865583,-1.2465893716065426,0.8392597643715746,2.618981317270011,2.4377731642904594,-1.4417404322006278,-1.1647876726893738,-3.9431749721425127,-1.1619684935928003,-1.3096202812822724,-1.6963047022446895,-0.8437082391037377,0.26585564303364884,-0.002675685189676788,0.7024607370525849,-0.9164829761419392,1.9522023076683364,0.6494575525216386,-0.38676349802183785,-0.5379436980716292,-0.7466914339784646,-1.0725465379021855,0.40510937367271516,-1.6578218352117655,-0.56294081523366,-0.7267968463016856,-0.963076110498601,1.1206760012401529,1.3117593541231873,-0.862134456446261,-0.7131397824318176,0.02966230844337459,-1.1333745248858953,-0.3766975786897429,0.002991283354525782,-0.4314310739740312,-0.8359747366960297,0.6268545370776373,-2.9121244518502998,-1.1418879301044786,-0.16805788585478024,0.17425896756078701,-0.932300384831769,-1.708124383080382,-1.7952942511179302,-1.2120235044726226,-0.6061022985307075,-3.0936733497649276,-1.707055158386565
HCT116bortezomib,C04,HCT116bortezomib,PlateMap_HCT116bortezomib,1,C04,WT,0.7,-0.5731233425211769,0.4414146961273175,-0.6117877780778744,1.244153166203605,-1.1291412854822231,-0.7898151852743713,0.7466305951396115,-0.4912964649359514,0.4932444284636413,1.3246235984870343,0.0011199163494770878,-0.0044022945878497794,1.1035699846962437,1.2756938439017698,-1.0356443725025173,-1.2538676646193188,-0.9246300344611265,-0.4119114681519144,-1.0430094080376509,-1.0430055836162928,0.15235335856529095,0.37050158124179006,1.1063566308157322,0.32925786371854254,-0.6177230419785924,0.6730502097243365,0.1373474916529145,-0.4231522574123924,-0.359731161164341,-0.1412348711810405,-1.1738376547754494,-0.18687011704055373,-1.9000948437312228,-0.6671635635082956,-0.7159529720771736,-0.9154335149632291,-0.5794144259450864,0.4049571227704266,-0.5735377439188474,-0.1365623737514791,-0.02966230844337459,-0.22130235198219125,-0.08669142042052075,-0.2888673143182191,0.07443982307857222,-0.2165550066873925,0.044995995167545697,-0.58171776732841,0.09777808385116599,1.1869736222046507,0.6509098950515962,-0.2849467017863222,-0.8823424076756805,-1.0262729998545466,-0.3545480399147212,-0.45746638296789216,-0.07626765264294998,0.1436863115611745
HCT116bortezomib,C05,HCT116bortezomib,PlateMap_HCT116bortezomib,1,C05,WT,0.7,0.024926655081260806,0.3736164729900813,-0.04449625882607084,0.5394801447246325,-0.7418580930093521,-0.7244037446632542,0.23093041788383795,-1.055908421032207,0.3512219364230775,0.7549698676860062,-0.4189924772135408,-0.4280695452943193,0.833835617017186,0.3862063212879192,-0.703775797251786,-0.7640185908310229,-1.3262255876668518,0.5844963930319408,-0.309725173335292,0.033491693442592334,0.7079144202153707,0.9769169767944621,0.9599164404552971,0.0829443276338714,0.21936843738121273,1.0816115257786716,1.3371707711711394,0.37172177621601143,-0.40785460775819327,-0.8151029312512603,-1.091250928617033,-0.8477737309249468,-2.424749638324637,-0.3077610092039418,-0.8140466459219742,-0.7963207053690514,-0.9104561119772338,0.40868182296176664,-0.6338213086701506,-0.26091671937304123,0.1362838044064684,0.1954085983935562,0.08072525473052647,-1.0397206933372973,0.13135845753871944,0.5735963818319677,-0.9197086462133987,-0.3568664826378558,0.18888917299076344,0.9377885009624721,-0.6756801017366739,-0.2609433707329659,-0.37130417477013206,-0.6091835529029179,-0.5124361031649817,-0.01567496887975188,1.8129750781550902,1.3646778190842972
HCT116bortezomib,C06,HCT116bortezomib,PlateMap_HCT116bortezomib,1,C06,CloneA,0.7,-0.5091712959086094,0.38553680629651843,-0.5519230810414937,1.4368802919480381,-0.7502380277026665,-1.3127544716295076,-0.4759251383021057,-0.5658717453478512,0.38147816171673976,1.4608608216225587,-0.8993144868847529,-0.5522968637399183,0.7015034271178691,0.6627925283908047,-0.4594200867200746,-0.23263196610262937,-0.03187723144348681,-0.4039777949342927,-0.6568159712932461,0.27946900878355835,0.80748269423642,-0.036882614451994235,1.4754890110856467,-0.73481276372104265,-0.8503933534191929,0.2497681016280965,-0.31465034890178023,-0.6635666016690948,0.48773900178778984,-0.866153909617296,0.21629698055428778,0.03967333993533185,-1.5770529772927606,-0.8400999270620401,-0.7501269865892272,-1.0232591062661698,0.20729516772557616,0.3440047518045845,-0.3038253566446266,0.17534229338735718,-0.5282561824140474,-1.1518392745177337,-0.1398277728497991,-0.05420200030910169,-0.8040335193624863,-0.013128858705826368,-0.04475997382968283,-0.2508641866781028,-0.41882687893148657,-0.03618372093065327,0.32941476750760096,-0.43575247883511514,0.27599273464996543,-0.19077298401944487,-0.17159782705011334,1.6286199251012254,0.09140636751591145,0.040410048342188455
HCT116bortezomib,C07,HCT116bortezomib,PlateMap_HCT116bortezomib,1,C07,CloneA,0.7,0.25817925485325377,-2.000786398366411,-0.20749417479094037,1.1558721703583663,0.6836106281512128,-0.3017586118697013,1.4362501168340547,-0.5890864315273098,1.4190672000475493,0.9707387761616719,-0.70066396677767,1.3034404530465304,1.3467654875590551,0.17839051300862027,0.13969347746199506,-0.6868235930215886,0.5249776843950968,0.718520984258339,-0.7072527801068413,0.5401463689029635,-0.9268428822140035,1.0141687721198445,-0.022605852866770363,-1.0342107863871912,-0.37754914667139283,0.007447914677925528,0.7712194503123192,-0.6854149172840956,0.7195664131841881,-0.3185535745436482,-0.5059256775424243,1.1103995416572496,1.1146938874636072,-0.6815252430376948,-0.6651548201872516,-0.8938647705040627,2.011896089522387,-0.04402725205140118,1.3423946507278817,-0.06841632887681033,-0.8056141200658983,0.30825246917792337,-0.17931018772120486,-0.034178126509920165,0.1751376315566716,1.6755574407898486,0.25097271611264244,0.5056534249323725,-0.3341161739782755,-0.11303153812631797,0.6429995694633278,0.24498703512205064,1.283772616397627,1.2289932797489895,-0.026197193767199187,0.720902268595788,1.4451394890523992,0.12667008711652553
HCT116bortezomib,C09,HCT116bortezomib,PlateMap_HCT116bortezomib,1,C09,CloneE,0.7,0.1745905059653992,-0.8752340348252384,0.07075766414098847,0.1965233090764728,0.37525345235496527,-0.437182271454848,0.5914530079763959,0.7628770117473739,0.8805445350362037,0.6813711376889516,-0.33779464772055584,1.0809082828243592,0.12716005159258487,0.5860921719145541,0.7653578022729288,-0.21565839240721715,0.0318772314434877,-0.5755114010800597,0.5188675229098579,2.2159594423150826,1.0293858901343849,0.6489352097929693,1.1619701320343387,-0.3546170869416767,0.43616306068098176,-0.26661513949549165,-0.41062451890969953,0.22545586712925492,1.31672610878533,-0.48249640211010164,-0.06881846864009991,0.6636683010559098,-0.037023850949006995,-0.16283190449521284,0.1571726515754839,0.18628789082773892,0.7322225898153478,0.09763403181311282,1.164352015340942,0.3925749290929151,-1.4710748484998244,-1.7858498778106784,-1.2531111637363102,1.2479182962144428,0.5044839078511009,0.4049242414445864,-0.42160285002688636,-0.5150673327195481,-0.8585893398871778,-1.5240372883023194,-1.2570507465199925,-1.5068611654043,1.2998212288403939,0.9470666527694115,-0.8565524887687543,-0.5199181690462015,-0.07401511199311303,-0.49982510644299705
HCT116bortezomib,C10,HCT116bortezomib,PlateMap_HCT116bortezomib,1,C10,CloneE,0.7,-1.812705600152916,0.32981261910594706,-0.8627806962635314,0.3120686644262552,0.16460701137272363,-0.1306926966496659,0.5114343743289739,-0.5356801893422688,0.8082271156235347,0.6676103812642388,-0.19019397824887008,0.0677162557957298,0.4416559267136033,0.5543495702562441,0.3309513539893108,-1.1780359791331392,-0.6405983504613905,-1.1909890079623493,-0.0188482764665439,2.005012887457858,0.5122608671929222,1.0177094623032508,1.5890446659969222,-0.6681330398797349,0.156809704744978,-0.6514592839405368,-0.7218425260687626,-0.9759127877931416,1.4492793505404653,-0.5803731997875903,-0.5542365617135976,0.6853132178972806,0.037023850949005746,-0.4848512717902866,-0.09716553180256592,-0.4564272640170983,1.0062128807855646,0.6165306320871733,-0.04347663447636192,0.8354715636782046,-1.6967620655126292,-0.3681841111068487,-0.7548584847466836,0.37761533585466445,0.18493200042090352,0.15226515496653414,-0.46934401341120774,-0.9322282870825768,-0.5760668623722307,-1.3138897798981997,-0.43212765866037933,-1.6386455549528782,1.0603888159875392,0.45048995134303177,-1.083055388082511,-1.4620446638889857,-0.49023029208693286,-0.3179661171587337
HCT116bortezomib,C11,HCT116bortezomib,PlateMap_HCT116bortezomib,1,C11,CloneE,0.7,1.0456589547147328,1.330258420527615,0.0658548782650448,-0.3468835015563826,-0.6653708908019775,0.007046367812689678,-0.6869177857625799,-1.2354288693426647,-0.1418496022228053,-0.11649813956054955,-0.36640645839906916,-0.5185023226360582,-1.078751220538459,-0.16806593344655113,0.45752579192157283,0.13358393663879378,-0.32272414224170376,0.19943020570208406,0.3921697212610237,1.58757867322024,0.5765713222601223,0.3160527252497402,1.0041395722420599,-0.44712608480041416,0.8374741299316193,-0.7510198409864204,-0.9437164630195427,0.4383722614898702,1.3211342588469785,-0.4044660131261876,0.19463373519983937,0.4707408552662521,0.18425970963658714,-0.14152067414579184,0.1279992958200318,0.21348307416049497,0.014783903446116797,0.9600497882955095,-1.03545967385308,0.8749229992664588,-1.2909823801523077,1.6915102593196973,-0.9072882169463734,0.986478676584633,0.9345708642032513,0.6578310498581478,-0.8330197155787844,-0.061624419220520914,-0.66561261404268,-1.1096852089880547,0.007998402986619647,-1.7250852444833857,0.275190425870083,-0.14720691710586362,-0.5189462430783893,0.1276012189687187,0.7900156975474564,0.25800535610287295
HCT116bortezomib,D03,HCT116bortezomib,PlateMap_HCT116bortezomib,1,D03,WT,7,-0.6624904321497548,1.2989820844746556,-0.018806314299176327,-0.31453752200021584,0.3945282447651954,0.4321673297340871,-0.7810248966746146,0.08857528107300544,-0.13685795250111174,-0.3878662305930443,-0.021308157481543858,1.2880337670686424,0.6474780918353212,1.448631710874693,-1.2482137419971389,-0.8539652103816164,0.6623620504320602,-0.316027494159659,-0.13299326136211528,-0.4437954554040472,-1.3493599175685231,-1.1135554392195606,-0.3233307385470301,0.9330267477983853,-0.9286656128226318,0.4387441084491461,-0.33919377094138337,-0.24169931677265138,-1.0947385348264247,1.7253928408059305,-0.3455522946516823,-0.6005653848755482,-0.37036904441744045,0.15347228234298926,0.3635009968948011,0.2882843992822638,-1.9814267936289462,-1.062327517803096,0.5626119633889731,-1.0994411159424016,0.9329772016032447,-2.014714142611384,0.5822404326546781,0.9717379372909429,0.06910312934576476,-1.3465682917246777,0.0873752793586054,0.1412179276247815,0.987922289823296,1.6738343381144403,-0.1889903434286205,0.08631126420425539,-1.877660824075984,-1.2368640678157208,0.11399109889537282,-1.1929220592420868,1.7753374876836678,0.3686397034386742
HCT116bortezomib,D04,HCT116bortezomib,PlateMap_HCT116bortezomib,1,D04,WT,7,-1.8088121302645315,0.7452387730200016,-0.02000469906783236,-0.6763242838637887,0.6284389865264617,0.24601281237146974,-1.295236680329713,0.8163965212086959,-1.3020129303594155,-0.009880311266886984,1.2651033416569728,-0.5381586435312398,-0.546792692691507,0.6154775472642228,-1.2643285571836396,-0.5357816240348613,1.026175091616271,-0.9669773161334728,-0.25784810581389156,-0.8338963189115706,-0.7713774829991107,-1.8046630371584589,-0.5326693637028713,0.9293790869150519,-0.4255447796721273,1.1151839319113928,-1.048897976195641,-0.2906398347271835,-1.340528970812484,2.367897978073604,0.63885623290901,-1.3040209383846253,-1.3029816855554268,-0.08327609743728552,0.36456632844969367,0.287877932730079,-3.1151211820821674,-2.036341728779963,0.7832827269802712,-0.25233432011100854,0.7129575595182492,-0.6178843983691306,0.6153373159935777,1.1471907944409245,-0.9625584035114779,-3.4844099478070016,0.5482837188830787,0.6708478628562452,0.9840057923523685,1.6561025755463208,1.3763802306823605,-0.12357795732806888,-1.747390389509822,-1.3164911372374377,0.7649775017573153,-0.624315010504862,-0.530054356141891,-0.6727345929915433
HCT116bortezomib,D05,HCT116bortezomib,PlateMap_HCT116bortezomib,1,D05,WT,7,0.307575324517403,-0.3713972474091798,0.774798905460323,0.04087281530560037,0.33052904420946755,0.7706998278233546,-1.3525824222852958,0.4992784912803452,-0.9410577564919598,-0.42824143244505575,0.7782563339834117,-0.6523480648268603,0.007793534000643773,1.4144760283636257,-1.1608497389467511,-0.6621579259316018,0.7450249444135283,0.9687731405326414,-0.2324297248036556,-0.8466308652027086,-1.086928664440832,-1.0752992064536635,-0.3118828093816737,1.3433063310558722,-0.6113078957629903,0.9707011262419651,-0.3315851940248263,0.9296768189088962,-1.0828314391265765,2.1027096816704054,-0.01025869109712992,-0.7917411674492497,-0.31940984927665395,0.1804954683237993,0.3643491771525018,0.6742912146256531,-2.4719116941687367,-1.705807756346597,0.4410437541388027,-0.40645286422485394,0.6310791187789769,0.4391015393577875,0.6662454639022366,-0.081697838563084,-0.36219202672518,-2.337946846970398,0.8379756299412326,0.5475768808094055,0.8439657093828593,1.0691255937416255,-0.1168263351043199,0.07890793803479916,-1.9212023033622136,-1.0400022235224577,0.42139045546179976,-0.8998198218414277,-0.37293201552244565,-1.124065700555865
HCT116bortezomib,D06,HCT116bortezomib,PlateMap_HCT116bortezomib,1,D06,CloneA,7,1.1168630788026572,1.9684042331526848,0.43225662034851603,-0.7637103585404639,-1.8756906131580706,0.4247042399385182,-1.3240663357757754,-0.5213235474166613,-1.398261583245906,-1.342338532238353,0.35693651405631893,-0.8121841657001382,-0.5210636097656983,0.09605906668870873,-0.012670592500237205,0.37250093977312004,-1.250944308568944,1.0823567110913614,0.39734357386268004,-0.475629337406151,-0.6090348822597267,-1.4726074539488225,-0.8973950037717454,-0.00331193405522082,-0.359951733793587,-0.9966478505569576,-0.8825442447579036,-0.9493515456172872,-0.9303903691560605,-1.0729966068667527,-1.2244823168709615,-0.9957732904503682,-0.7747796465661919,0.5410919919936078,1.0698726569262662,0.6746903043275373,-0.7367965456557827,0.04928610172565008,-1.055342968402488,0.7522984467564627,1.0945253598423892,0.2549322103410139,1.2046608878220906,-0.6797438010982965,1.3028606737473476,0.3082888870203335,-0.45579650472030725,2.2382210834296004,0.9080384225216575,0.2375397667044002,1.1913873303774785,1.610922236411224,0.2340294047273769,0.27351048671709827,1.1508516375828792,0.9105679263497086,0.014553604728743473,0.9262036280456057
HCT116bortezomib,D07,HCT116bortezomib,PlateMap_HCT116bortezomib,1,D07,CloneA,7,-2.435480773692235,1.6881997571459602,0.5613579729287838,-1.0470107562456288,-1.3055521566504231,0.1849720234011546,-0.9135168253922584,0.9532970613742024,-0.40383477904236564,-0.24709934945130746,0.042191985164406955,0.69663345412633,1.2369119487947837,-1.3868418145526342,-0.012209661210750703,-0.30059795346323587,-1.0447096795686555,-1.16484289017614,0.040461799581986424,-0.10909018631121725,-0.7307066438938177,-0.9199890498110199,-0.19504263818178647,-0.3667563889540768,0.08725236783708953,0.019764073561276987,0.6995239664315517,-3.0454397676489413,-0.4335978740778062,-0.6497222301465186,-1.3189877384315107,-0.6197923985745639,-0.4346171412476285,5.965957986826161,3.451712126668801,2.1253156745646504,-0.9986886128612087,-0.9001659977012958,0.45984739430459487,0.33625047065418157,1.0823528957215436,-0.952824121209202,1.0767579104114717,1.0279448694727344,0.8408920014746746,0.07194821078835693,-0.6090167143922155,2.2187677791116545,0.7351409070573676,0.25080881082339895,-0.47552167341008494,1.532654262191925,0.3506870558587184,0.5815107606202565,0.8002554853310248,0.23985647630571916,-0.0145536047287433,0.8030527664284881
HCT116bortezomib,D08,HCT116bortezomib,PlateMap_HCT116bortezomib,1,D08,CloneA,7,1.413574209073314,1.4430082880867126,1.1098098161971335,-0.46705527576163425,-1.8553033926581544,0.15113997762967077,-1.37239910546802,-0.930608142953304,-1.5832148655639366,0.08210255896158192,0.823982565267377,-0.4554363369661666,-0.3665947141256507,-0.8855438186144072,0.22319037395783428,0.45808936341730455,-0.5287550581551578,1.1213251499005903,0.4302472148426538,-0.6080868206323836,-0.4677490505992271,-1.316097848226834,-0.3000700932693675,-0.10625207712018883,0.7639739876258504,-1.0148363838733552,-0.11983983178310298,-1.4008412730881223,-0.6294151057690022,-0.6992592888066718,-1.0257241832723325,-0.7194267966283041,0.100193021682935,0.7786333287393752,1.064243356422109,0.5140820752633158,0.22662472270307926,-0.48967039497559645,0.08206652051707017,0.8142811086687046,0.9613420417149368,0.8560555667143414,1.1763446050832962,-0.3216621140249468,1.308495714053711,0.6497699456201506,-0.7221269818755531,2.363516163067486,0.8232529194473212,-0.06907440358417938,-0.3155442524616415,1.8617980552334916,0.5825886931583336,0.5765233270367338,1.1382087773781526,0.9711669177191438,0.9457497164372919,0.6618897477296753
HCT116bortezomib,D09,HCT116bortezomib,PlateMap_HCT116bortezomib,1,D09,CloneE,7,0.7730422663443847,0.6037427459331889,0.6598960614886386,-0.1936425466245204,-0.9208452445337562,0.13719057964222664,-0.6234800831344895,0.068217034357847,-0.2621295565823369,-0.22001140735004518,0.24257739615171495,-0.3212897766550765,-0.087356727162807,-1.0294018113878605,0.8341055538959002,0.08181405385076532,0.29665155949282473,0.8375526242571203,0.9834576836477985,0.5128958973648784,0.058744085661538374,-0.6928360628513054,-0.4373508619962083,-0.1334111228776557,1.012157450952833,-0.57836098594708,0.27998103068142177,-1.1545827901155612,0.07472179081029746,-0.30323684666596656,-1.0937629285448636,-0.05726561276724453,1.042162348138364,0.8963073721889241,1.0780693234769891,0.5805657833555956,1.2096438326861558,-0.6246666370674826,0.9111168154216106,-0.375830839419092,0.1511454579808289,0.43562659843028895,1.149406487418309,-0.8080379429655515,1.5622337688672847,0.7147676730724312,0.08146940634948316,0.853297987489952,0.695009622068097,0.7044713701213818,0.11219430657651484,0.07467984929562096,0.18769596115680884,1.00229412779802,-0.35428021217805794,-0.5246129601673581,2.159200157730586,0.9520470152100234
HCT116bortezomib,D10,HCT116bortezomib,PlateMap_HCT116bortezomib,1,D10,CloneE,7,2.003836714374258,-0.0033802002803881874,0.8205084594215893,-0.04087281530560037,-0.32904349906801045,-1.1969626456324296,-1.8468137272107166,-0.009459700619594797,-0.47619380896672636,-0.5012530546430247,-0.10773455557673883,0.01427175189962741,-0.7187192509919792,-0.37720528880555343,0.811638361385794,0.3730081934170653,0.9052983197522351,0.7307088255044701,0.8205247970638522,-0.46127884573551287,-1.3309509396489392,-1.6802091570826352,-0.9095295419804319,0.5422212621827149,0.3748156014119092,-0.7583016991769305,-0.25858754088167285,0.22670056180661086,-0.14826341721891068,-0.06735249117307453,-0.8699603378984347,-0.1720984787223309,1.2485057122078478,1.0653460820432894,1.5582764962893767,1.5731184083902747,1.788874755477817,-0.5928300152893965,0.579032314320177,-0.13203054629362945,0.2610245650128179,1.821086548901429,1.329246395264464,-0.2011176511676557,1.5489414609720167,0.3205190481238058,0.3165520796484052,1.199003922315817,0.4408001803728491,0.11825087584123847,-0.737528262599438,0.21378440874970553,-0.0036176575890237814,0.7299217237824611,0.26490789851231195,-0.361569523725217,0.5258522009394181,0.17504827650193916
HCT116bortezomib,D11,HCT116bortezomib,PlateMap_HCT116bortezomib,1,D11,CloneE,7,1.3273874475064393,0.17878208471764495,0.7504212909650293,0.4358382471255202,-1.84076487382196,-0.631298797720679,-1.8697664461724746,0.886368612064654,-0.9587279235221251,-1.052078534482533,-0.150994126946564,-0.5643294723846487,-0.9265678941482496,-0.5744031177560868,0.9908632758471396,0.892996069516797,-0.5924342389266604,0.6785624001617309,0.6352690430051068,-0.5495147877001136,-1.867931508346832,-1.8788867821311885,-1.3688729027387272,0.48436770732255685,0.7312584769745981,-0.007447914677925528,-0.4449781873653265,0.37599811131389477,0.06363740396660184,0.8785465882068813,-0.2688187017417984,0.5523150053881307,3.089428050630296,1.1482203617881028,1.7000346148910017,1.8086835106746055,3.0015683068081076,0.011035167646583603,-0.4542676494086653,0.06841632887681033,0.5067466408770639,0.308258487358639,1.3731259359602157,0.07841392281013189,1.6675804157750267,0.6847214881921961,0.04475997382968489,1.6347215703617242,0.4095340947041505,0.01934302567428663,1.158840214841485,-0.0351604430915164,-0.3985177075504445,0.2689282387584541,0.33244243104690113,0.015674968879750357,0.8832001397327497,-0.04041004834218846
HCT116bortezomib,E03,HCT116bortezomib,PlateMap_HCT116bortezomib,1,E03,WT,70,-2.06134481475876,-0.8498247935272165,-0.278342097311456,-0.45379543200306305,0.9397358852817306,0.7050568819994636,-0.5790981269938398,1.2165856409856732,-1.1828303954404844,-0.4764438479881019,0.7581868450305959,-0.17392789325990457,1.1032368437680213,0.802278901046634,-0.971549487250851,0.5746467367713393,1.0374182311845421,-1.5676552742852827,0.6921655476599444,0.228174889666757,0.3636534618617038,-0.6310672984137538,-0.03517843269335703,0.6106008222073986,-1.1973383328123364,-0.14998465228229538,2.1150170541976374,1.5555888696748863,-1.110173085664952,1.6417786281830744,0.9254689896691477,-0.7252013372736356,0.1624265735585955,0.6674562759154956,-0.1304757409073628,0.3427879210825314,-2.7158855831504765,-1.1125696019096096,0.11612327928449141,-1.5483565803696024,-0.061415344579196944,0.22733343707064602,0.19006265464700764,0.7888511067726043,-0.5256804391565871,-1.0806145688605246,1.8847684606247699,-0.11574371782020945,0.9821788262169555,2.252230396318898,1.3700168940470527,0.7180814715273482,-1.9826722930499634,-0.7777386749895018,0.37917225655094977,0.34650171637307425,0.7818439759741507,-1.0083783960256836
HCT116bortezomib,E04,HCT116bortezomib,PlateMap_HCT116bortezomib,1,E04,WT,70,1.093572152953156,-0.26704033545989886,-0.689085457464552,-0.9314898311362051,1.6831168937848175,0.7162241327548072,-0.674061706215159,1.07475143293655,-0.1430503307897672,0.009880311266886984,1.2702377745336546,-1.2010252647658024,2.505133936480891,1.628225235437615,-0.9685915176288462,0.23718701742694934,0.7591769205206013,0.8985127418646717,0.01884827646654786,-0.4671568456227247,-0.04626760099459803,-1.3401833549153588,-0.4469025234960317,1.1584970445410692,-2.0677788514194897,0.2567815199782482,2.691192045041432,0.7628164500457377,-0.8770543609437306,1.6235495772492956,0.9485352013910207,-0.715470931590437,-0.0441937472072813,0.7581709374997162,-0.29125980548272895,-0.057572448789594693,-3.8157627411891424,-0.7573348098071933,-1.2625525861419375,-3.11917075620863,0.18219717103035551,1.3714034331840752,0.060789083871236306,0.09559284304946691,-0.4255706967443567,-1.7152696486986772,1.970619044245607,-0.6686865842479188,0.8975354226259907,1.8805427415928586,1.0605537188769836,0.6018448914834441,-1.1717269441586111,0.06431545735469309,0.7339151516245952,0.7143490009012365,-0.5060984502834749,-1.366450324098859
HCT116bortezomib,E05,HCT116bortezomib,PlateMap_HCT116bortezomib,1,E05,WT,70,-0.23754675157167626,-1.3746432295058788,0.018806314299176327,-1.2535583008140259,1.4533352102840824,1.764143363199431,-1.0188224090454303,0.34759978721664064,-2.1150070098570115,-1.3295054383918017,1.321238768050123,-1.0113617478450867,-0.1531902086448516,-1.6208836511037235,-0.7057251956324653,1.1780545771817605,0.7411910032985727,0.582562733370814,0.7320019191199625,-0.09876513612095889,-1.0062038599294025,-2.149649702360551,0.0026756851896679408,0.8531049175210363,-2.4629742000944654,0.1754152428733254,3.2832906819249197,1.337017781338032,-1.1924768776139154,1.8058627689155595,1.4282852521413802,-0.8729847520486502,1.4628043529368346,0.3929621465197034,-0.7391901583263458,-0.4435128119563431,-2.923749980598162,-1.4138515314541147,-0.7151602102830398,-0.6819794675053221,-0.699950267269704,0.019516281192873793,-0.12594304530426018,-0.4396336053616848,-1.3384202433259749,-3.189237491027923,3.467213440990035,0.061624419220520046,0.6833689049105104,1.3179127166067905,-0.007998402986635187,1.024577113522991,-1.4578225822799942,-0.26813050619274015,1.1727273897141461,1.3117839543376637,-1.3477522391840673,-3.2007207504463424
HCT116bortezomib,E06,HCT116bortezomib,PlateMap_HCT116bortezomib,1,E06,CloneA,70,-4.009451065879355,-1.8724600348451235,2.002360255469012,-0.8766971451859533,0.3736681274513163,1.0788105226400995,-0.6199799521045122,0.22614089711714241,-0.4228545732093906,0.4978733738339087,2.2505142780097396,2.4319677623467957,-0.7260894875199142,-2.430757675838133,0.2906459712077547,1.8070415682273135,-0.07258103641260995,-2.6440373133662365,-0.8265589746374686,-1.253917510568289,-1.6065667502106038,-0.8545644044979155,-0.3311957099962767,1.0644310613789636,1.6482043294102389,0.8901388006460307,1.0603347790579027,-1.1598481096329905,-0.8166705241017791,1.8742497791136499,1.059886301293647,-0.8465469460025318,0.150857907114806,0.5809732037205193,0.15228427777172876,-0.2677093432402927,-1.6779379758531228,-0.6189672572169216,-1.153344767384258,0.08412851850456025,0.11151722440207161,-2.731576318732675,0.9550844976508134,0.11274724969436731,-0.14885841850111084,-2.637293139348887,2.0956298389262513,0.6781336560969454,-0.022638462781094694,-0.01934302567428663,0.3518009490117246,0.618266966483114,0.05277939899743395,1.049631995947494,2.6686125428694476,1.6064790362259687,-0.14247568203502417,-0.9369996357387314
HCT116bortezomib,E07,HCT116bortezomib,PlateMap_HCT116bortezomib,1,E07,CloneA,70,0.6137635522977029,-4.88844399388108,3.5382952090901427,0.6962693098492472,0.7825799329378722,0.6439246369537267,2.394893326967013,1.4489860405949075,1.0622060373805025,1.0768828360533502,0.9876540243579423,3.7404774462635193,3.2275593051348306,-1.0221952803574859,0.4944753754985427,-5.269333402297285,-0.5019293064147227,0.11303551922937366,-0.6249762918526324,-0.2890105493129776,-2.24361782769547,0.6561454561018851,-1.9514353206407504,0.3475448841314001,2.906209629135244,0.2658050026929423,4.37804975717535,-0.8959951897073059,0.31012712491575317,1.9072423568935089,-2.9593747315257604,1.1373412477361287,3.6757774985049907,2.206116060615667,0.4954439584837078,0.2267669111755346,0.16959916518806264,-0.011035167646583603,-1.0933180640933382,-2.3056826154436405,1.1168155230105508,-1.4088554662039443,0.777743370778491,0.052843929083305666,0.6488360621823288,1.2412714362609747,0.15195301535729475,2.1637802898869642,0.8856092937984236,0.4601631067570276,0.7796398907644378,1.0554912910417085,0.9791951550359344,2.444069705838895,1.281399412265912,-4.295291635201027,2.564773726708373,1.8120978100148122
HCT116bortezomib,E08,HCT116bortezomib,PlateMap_HCT116bortezomib,1,E08,CloneA,70,-0.04545411753813132,-3.0327521285170924,2.5954950128097605,-0.4372162574863254,0.39594641189930024,0.734384139312426,0.6749198127380315,1.6930174669748714,0.8585846032776489,0.7979201742634763,2.2499204504565062,1.2854842901121553,0.18464701657476457,-0.6861889905623856,0.2765031025149329,1.5050054503791506,0.6866194685211302,-0.469482080882054,-0.8234105786971162,-0.716486663999357,-2.3466352117863902,-0.8286751261830562,-0.9432265627293877,1.1479168047779356,2.7324273714614518,1.7422687964353838,0.8819893586001392,-0.04128426788320091,-0.1240177510911047,1.933264065072825,0.7122607394251318,0.029704196585844788,1.668792795513863,0.6937868080393464,0.4615410376104024,0.4463952458596044,-0.7212569744605675,-1.09273368408517,0.12755158055213023,-0.6670020514478684,0.5035325420287844,-1.157346779381818,0.7128382526832286,-0.3357108617036505,0.4058068966970331,0.013128858705829673,1.3716146737464814,1.8216267834273132,0.7074102004847326,0.16905686291550331,0.6632517882438741,0.6309000474258422,0.0036176575890257225,1.418878251731898,1.7098933745559128,1.5127904009071114,0.44366918404218936,0.5087160388705221
HCT116bortezomib,E09,HCT116bortezomib,PlateMap_HCT116bortezomib,1,E09,CloneE,70,-0.1137689703609251,-5.327229521695887,1.788717028261989,-1.245336313846973,1.915537841095764,2.0568324788355543,1.643745874451935,2.1257766561380462,-0.12026153323750897,-0.3384665171046227,2.596876192139997,4.499058024013618,0.2166488851768805,-0.4165421444912489,0.6204663538702132,0.9176905422536429,1.571130305276199,0.06693013190598171,1.1866432147810235,0.6127594627865534,-0.6633313494780128,0.036882614451994235,-0.6195390292596088,1.2422711699559954,0.3787402026847909,0.8540857334945411,2.3514123236259974,1.2606541730719887,0.42391711672913535,0.3858873435746514,0.010258691097130918,-0.6362169379402363,0.23600924083191638,1.1676431991540606,0.6838266987659387,1.1123973083449414,0.09221032221345707,-1.3667897554690935,0.444626180371991,-1.3043656533247052,-1.6670039177620037,0.37346696147401887,0.05763104453666848,-1.2137929878318137,-1.7646406736992626,-2.4306574365058395,2.360827868748839,-0.6398595053172392,-0.39850555067554677,-0.13276535142291923,-0.6733014172165165,0.535542993625437,-0.5292144185291944,1.0344487243988632,0.026197193767199187,-0.4398315344520475,-1.7576447924956815,-2.2608215582917417
HCT116bortezomib,E10,HCT116bortezomib,PlateMap_HCT116bortezomib,1,E10,CloneE,70,0.6361406139941979,-4.341049950081263,1.7005073216912505,-1.87700891651961,2.3164536199320933,1.1818989851289503,0.2373881689988082,2.086805168941214,0.322288315949362,-1.772197466670048,2.810148621751783,1.6194007883517028,-0.4848491728534168,-0.8577013348787035,0.6071053416157647,1.836220723040581,0.5204662674100741,1.3274314096521709,1.679346225191992,1.0528165055554526,-0.40059111403524583,-0.15633353036657077,-0.2790073107308062,0.9814671976928246,-0.5002929724261057,1.1589119575481748,2.216963004322167,1.6815323648304588,-0.1985352960677987,0.3490595446463179,0.7772600360548575,-0.8021000594761597,0.3576186026694118,0.9621545169179888,0.4914269351498228,1.044379446981362,0.5158544740074563,-1.6062104424646895,1.164774875639803,-1.1719246146909363,-1.6854610702719237,-1.4173946786770792,0.14558222964661593,-2.105726443578342,-1.5355055100037487,-2.7234441727838754,2.5075471050875944,-0.61796053150182,-0.10627917080652807,0.26856757438349216,-1.2639772834752714,0.03516044309152094,-0.7855809494562248,0.6742492240551391,0.7534412641096268,0.4860595919573265,-1.8002359253542866,-3.1822694408302246
HCT116bortezomib,E11,HCT116bortezomib,PlateMap_HCT116bortezomib,1,E11,CloneE,70,-1.0070570896765367,-4.246089434796251,1.2693444561222933,-1.2693161545685576,2.732112730718579,1.1779015648080262,-0.14760281890133425,2.283704826231383,0.9670039076552714,-0.7378891256717817,1.7805467349462263,1.9123624936227412,-1.0184849100764584,0.13337546906352593,1.2248361843881839,2.4857753762530534,0.9216152868332824,0.21833465146104422,1.5842366155276644,0.6324948549538333,0.04626760099460936,0.2846811615530572,0.22979771844999278,1.315482569800432,-0.3773813454052826,-0.16165991473305338,2.322221114772993,4.380981454248338,-0.06363740396660121,0.07961706126591156,1.1196118330998062,-0.9238886745883975,0.3686857103355954,1.1686870208952047,0.612029531023726,2.1704679390213317,0.5947141105369605,-1.3548186510936018,0.8260946364461627,-0.6851752681425304,-2.3875984263996712,-0.03490130417156359,0.11344254448106561,-1.050152351049267,-1.8693378258906854,-2.583145210494145,2.7129840007722774,-1.536629064413483,-0.86271813817545,-0.6483330714210325,-1.0214166142613486,0.15571072569986727,-0.6684459545102642,0.7054014277410603,1.0396782276644434,1.503669493929066,-1.95955911508308,-3.920687092405876
HCT116bortezomib,F08,HCT116bortezomib,PlateMap_HCT116bortezomib,1,F08,CloneA,0.7,-0.02492665508126082,-0.4112443053842659,1.3403495909317553,-0.25963894753975053,-1.0297443598302478,-0.4099878791996164,0.16429398680096896,-0.3822364511615632,-0.34162006364443015,-0.6509960158227934,-0.0011199163494770878,0.9131167255348032,-1.4508077627732605,-2.4165789189577485,1.236088389136708,2.6731277729341185,-0.561692247213877,0.6704191187914595,0.7546317985232878,1.4179186391358596,0.6856501694751778,0.7613804751815075,0.5305938245671914,0.00331193405522082,2.8954408476000277,-0.7181035447033184,-0.16843683847998614,-0.5095434457902855,0.844583882331367,-0.14043226810539847,0.766373422603871,0.5499462227943022,0.7264844944464302,0.08327609743728552,0.04713591174578601,-0.1128532096132241,-0.0392449454985858,1.1472237704052777,-1.0432484344166806,0.6493380364887135,0.17295513166667958,-1.918497020377322,-0.8676893618090977,2.379612185098275,0.7077080065223939,1.8566903431005564,-0.7275985904005675,3.1768572837612803,0.47561336454198316,-0.6848561910057287,0.7782638946675877,0.6135513163755171,1.5090169471775456,0.8165214910637371,0.8302115067686551,4.742464705542182,1.5587818407168859,1.513609028647116
207106_exposure320,B02,207106_exposure320,PlateMap_207106_exposure320,2,B02,WT,0,0.9176337745897464,-0.36441487536509576,1.2579601050130327,1.035897624651861,-1.3764410369586515,-0.23465574495715244,1.4744822532248059,-1.180981965546534,0.6709216913493393,1.7732341685805777,-0.07313333837948377,0.5222259042890641,1.3258425415797048,0.9103888410922081,-0.6784542362940489,0.010688888125322022,-0.9304919921255843,0.7804866692626858,0.22111833508742637,-0.15053895025535505,0.6705196584182956,1.108327489732956,0.4740447343853677,0.0798185172797227,0.879440204764387,0.3834405135625033,-0.00976071845900793,1.1253584505167682,-0.8911525021778977,-0.7475206914350582,-0.8794169141905777,0.4091134656094326,-0.4558448495872058,-0.2156776699814922,-0.968368447122137,0.3429528147637247,-0.4673317429027917,0.588835957908553,-0.14956741221904576,-0.5347404649728381,0.11052643832266762,-0.12830009540123782,-0.4721336042042173,0.29021872613842975,0.7450332959662089,1.8684611132861875,-0.4592479341836445,-0.12618465275845475,1.2811195937885649,1.712871601854745,-0.048270615563637355,-0.6063521031040578,-0.5184897511929488,-0.8957262885278219,-0.4495493851582668,-0.16067598419833154,0.4023974773291876,0.6558691621164492
207106_exposure320,B03,207106_exposure320,PlateMap_207106_exposure320,2,B03,WT,0,0.3895462588366992,-0.3676434888355967,0.8235866170891929,1.1707785709294884,-0.9472501677047334,-0.281915454019594,1.8966512672486586,0.27634505668078796,0.7308511194234905,0.831590654181243,-0.698078357974399,0.8131460142178568,1.526793630441658,1.139785125859893,-0.5906201054636601,-0.010688888125322022,-0.11790572321603789,0.5216084929844209,-0.070676050510245,-0.33963130347057796,1.3448770077833445,1.312795107741774,1.2674484737547154,0.3186436148106957,0.8563198466395119,1.2028734939661785,0.1161691773400114,1.2963188468111255,-0.7761095551262667,-0.7968353756345272,-0.7611598337296799,0.7338478918065809,0.3274664212893384,-0.19274560896327853,-0.893092896967581,0.6208142023541806,-0.5885960934021339,0.367016710132482,-0.20247455519261315,-1.3387440363508005,-0.1686711184787505,0.006737759050434195,-0.7662347448717998,0.1939069289570192,0.5648928670893826,1.8429238259193494,-0.4186583216330765,-0.09383202857073321,0.3870266070107047,0.8683933027750111,1.1308769825353824,-0.4894577324841376,0.03566114232041189,-0.37266326075538303,-0.2786248797757627,0.41500331026500986,-0.17427590623573758,0.5114458360239805
207106_exposure320,B04,207106_exposure320,PlateMap_207106_exposure320,2,B04,WT,0,1.2591441737702302,-0.07918420118234698,0.7035716990160852,0.8852121852407828,-0.1706011552237341,-0.6540749999706909,0.8922288733726789,0.6511387964605423,1.0307762212129887,1.3232199492490067,-0.16974377129538773,1.2705749217644602,2.7726088287155606,0.6666458134229921,-0.7083162002768456,0.027983283445086767,-0.32958250947036993,1.1112869588564578,0.15999299852242221,0.007823505855289127,1.1101283686232646,1.721470166978101,1.1584340374634963,-0.13746687121992468,0.5848091298329535,0.31553108533313645,1.0427911523965718,1.1927254127856979,-0.7914978836646199,-0.8685384583211593,-0.7537233920036975,0.3363164159599738,-0.6019462041139065,-0.05694160900940511,-1.2706646294585378,-0.07918806649985363,-0.5797261497874702,0.044612535707705715,0.8335639030494272,-1.8704431399254582,0.2190557431677596,1.2987702472438893,-0.6777821397634699,-1.0899068538615821,0.7459609938395675,1.4807255994612398,-0.9762844264761263,0.025648090033997054,1.6147954043369936,2.1482558683197106,0.679249242989432,-0.7306616106375088,0.4557655952879186,0.2344305566267224,1.0406225428824938,0.4892701446152019,0.15969626232399492,0.6254403508803318
207106_exposure320,B05,207106_exposure320,PlateMap_207106_exposure320,2,B05,CloneA,0,0.19896027997474086,-0.5691909037660873,-0.8052339883038636,0.06076399322884616,0.897300712279628,-0.8705308367074087,1.3314917705682918,0.6774897466017478,1.1882735754779192,0.16004719072549303,-0.474063752352108,1.9605639683207248,-0.053824907948098716,-0.37754012928721886,-0.17549946510585038,0.2926788356951925,-0.20936511720732032,0.8806137077751309,-2.027722365532176,-0.6256400756809632,-2.3446867741287347,-0.6883773094555475,-1.3400419034415008,-1.9368887013346172,-1.772427777885177,-0.2258331281868394,0.6375531337948869,0.6481761705176371,-0.057335344904499756,-1.0711173625646107,0.9257355247076866,0.9611224087154325,0.023471806929131964,-1.3940205482384578,-2.101309509333473,-1.6184375284582282,-0.4765542628196466,2.43104046224758,-2.099515456118129,0.328959974151635,-0.37117362036661544,0.7400792769019232,-1.3354378596889227,0.9849582159658483,-0.6018295585894813,-0.1610210730671874,-0.4446422013546708,0.7339242032719453,-0.15187717643866672,-0.25314285786753776,-0.5986620777438164,-0.5098015750469617,2.3648224065230616,1.670811076737745,1.5464036298810522,1.8926539544351872,-1.6667730155485077,-0.31395941020135665
207106_exposure320,B06,207106_exposure320,PlateMap_207106_exposure320,2,B06,CloneA,0,-0.35160308815796026,0.15627087262742723,-0.5860901425975257,0.06888844130339307,-0.02841297039645,-1.0971763606444969,1.3559887770877965,-0.2803944864081564,1.2720604129565907,0.02477966938178415,-1.1446747567639388,-0.3329428364893374,4.488711137514176,-0.7311773902506357,-0.6405280049079689,0.4491043174115505,-0.6683090178498752,-0.6162616040670289,-0.9408931820944658,0.3753985796447817,-1.096184206208908,-0.2879944520507281,-0.06259619465497805,-1.2978396270006731,0.06464600928687869,0.5727431921485067,0.8423422994965748,-0.3274445414551039,-0.359859285257555,-0.5924340218631824,1.1259525897917715,0.5449295068299401,-0.7403164064755238,3.5777324039474196,0.7652721864937585,1.2231927696069183,-0.11563358693543857,2.1964841293044124,-1.5883003909669782,0.9309776031197796,-0.1721487105962066,-0.9186842498916815,-0.8773852358733796,0.3000177954519531,-0.7938812941727823,-0.9790125190575628,-0.8046629860291977,0.7719005131511743,-0.8574457647719514,-0.5033012529217405,-1.072235820516158,-0.8275830420279844,1.4275924526529802,-0.07557640269073757,0.8502755955380737,1.2905352692380718,-1.7693063288074296,-0.2434259099098462
207106_exposure320,B07,207106_exposure320,PlateMap_207106_exposure320,2,B07,CloneA,0,0.29463104039846955,0.07278321060938489,-0.8372101025319951,-0.14691426469245986,0.6452921929713911,-0.8280772534002975,0.6230845487019065,-0.02439375416830712,1.1511671634554148,-0.7401646086994893,-0.715942234548293,0.9433825987468887,-0.6002851535005709,-0.8190500184018328,-0.3761525158229401,0.7818919872806898,-0.7846836185321385,0.199517559785011,-1.1385565567306328,0.4442872300781612,-1.3363143674570552,-0.022017548160247268,-0.9294214321288518,-1.53843738388764,-0.859250945451106,-0.11154449874428154,0.44707193761980474,0.10489503366186267,-0.22579221831905044,-0.7477691905710946,1.294395298155462,0.6086222044175098,-0.3495648986759365,-1.2240996609478405,-1.9040190120021128,-1.7475310284141994,-0.18662651000734887,1.8444074373106594,-1.6598583935831792,0.5464834593986917,0.10386049721201894,-0.7613054716148406,-1.3687170725985969,0.7398944530317215,-0.8435640733357521,-0.4643051088459873,-0.8539133364156978,1.5804100152240559,0.21271954373510255,-0.335716089746322,-1.0104315378209316,-0.687235422295822,1.8715055621641432,0.9193494577945714,1.5054742914260157,1.3457982258514707,-1.85225861208703,-0.24137776068665306
207106_exposure320,B08,207106_exposure320,PlateMap_207106_exposure320,2,B08,CloneE,0,-0.6001882833790716,-0.23790916717765798,-0.6265521557430486,0.6086206482433382,0.41971823674125336,-1.0115856459671004,0.7572801266885067,-0.43525980311590473,0.22975491591068348,-0.09199095963153277,-0.9617143350904814,0.9163889875146038,-1.2432640493526577,-1.27325636622711,-0.7551056504771185,-0.27824456550616133,-0.4975596243776235,-0.4790920205015824,-0.43501019129639173,1.1232185561796055,-0.6784618605348947,0.6263859145486362,-0.5237773538690658,-2.011788926487988,-0.8575830423129632,-0.08496512456550823,0.705285841161404,-0.12849659085639978,-0.3237009753626592,-0.6204287755844503,0.5721537050356672,0.39709551161065826,-1.0621784641517138,-1.2525165043274884,-2.0091962285405787,-2.046438766821455,0.2193891540170271,1.0820064132915963,-0.10834524234544513,0.5880106641690793,-1.2394525265122185,0.9063381395953312,-1.8645047037662226,1.5842448258731867,-1.0031274360201095,-1.6150108325179748,-0.10730522338943016,-0.27299134892285487,-0.967303163068752,-1.0663645066766443,-0.872084263045727,-1.839341826622089,1.3381036236551693,-0.3819089303325927,1.6717217992020945,-0.7111015118886937,-2.2533953154304425,-0.7937146168566916
207106_exposure320,B09,207106_exposure320,PlateMap_207106_exposure320,2,B09,CloneE,0,-0.21796304235898806,-0.16633653932058404,-1.2738825046757922,0.1694280466218283,0.9092740091403002,-0.7622863245337426,0.9355022575491861,-0.3756754098083391,0.9501414707847213,-0.7810733538633795,-0.8253198502818623,0.4946221902459837,-0.09783947662968996,-1.0541269814974732,-0.32632221612821627,-0.3746811860526437,-0.9128725016491116,-0.22884445578006304,-1.0978177776587532,0.5204698059623272,-1.0284056465309004,0.1136735177343083,0.27604987786113194,-1.7929188728694458,-0.5571611590693029,-0.020865304253816636,1.2164753202485796,0.1763988415702463,-0.15058370761482623,-0.6741027960823036,0.5965645485487625,0.7609332423267072,-0.4319196345793487,-1.1051998288461702,-1.9978407107407528,-1.8262688724864178,-0.05455182582803057,1.072001629334025,-0.011993841070067995,-0.1030141037120855,-1.2328770148480135,-0.0071541056691793664,-1.5968087896065704,0.7814919954453944,-1.071896316729993,-1.3347515326299124,0.20385599675554017,-0.02564809003399772,-1.0700158613385387,-1.2586048794847815,0.7267337713402954,-1.6952876953177203,1.7733856810233368,0.40950394797814704,1.8734810460225617,-0.6783737159248592,-2.272769808215068,-0.8121480943389984
207106_exposure320,B10,207106_exposure320,PlateMap_207106_exposure320,2,B10,CloneE,0,1.2972915885435157,0.23519854000122747,-0.49740136866789186,0.022314470931061422,-0.09046113752964961,-0.4615794413584974,1.0092636221748943,-0.13935482825525108,1.0384629009546649,0.16108574313100293,-0.6497340653460956,0.7129021635054769,0.09588312952218576,-0.8703767936442839,-0.6705272826591415,0.6510606688014341,-1.2186927734550825,1.880507307433007,-0.5515652367764043,0.7245045265129949,-0.014849056287944747,1.3411579103108495,0.5442432115804544,-0.6433301147217313,0.5478281542014785,1.2656608378188006,1.176486280467035,0.16834860852192418,-0.21154224202025243,-0.1612030632599357,1.201199899241855,0.738705911261216,0.2330417235569556,-0.4977540496534533,-1.5367355807977612,-1.2526177505062486,0.12608876495132937,0.7485344481894788,0.31403105964148,-0.8692657998105618,-0.7083767187328422,-0.31566260164142995,-1.7419484294086098,1.0156550217355873,-1.6122186546319546,-0.4761473164690281,-0.7768724742964062,0.05487497355406615,-0.643194295514113,-0.7076007111895019,0.725083827839765,-1.8079570406038636,0.22726143330350101,-1.8633634079494177,-0.20207746729092615,-0.4402814008003412,-1.4097674435215226,-0.019764998698303782
207106_exposure320,C02,207106_exposure320,PlateMap_207106_exposure320,2,C02,WT,0.7,0.07502223792937446,0.6862015375805869,0.14291099825778847,0.42672564192831064,-0.40219844842906693,0.30530364298419976,-0.616086816930103,-0.29294307033985495,0.5244581716693459,1.052396598628185,-0.05202236902169267,0.1285956550624237,1.6946291414531804,1.3195705790425278,0.04983563259950246,-0.42229343935144137,0.41228383294888626,-0.14346432216091434,0.3449712877481768,-0.3294696774700034,0.3530019112407994,0.5221878003678516,0.499179313301432,0.4280116737360764,0.5541871303398981,0.8405828595701905,-1.0823234132895156,-0.007112433587774928,-0.462573851693101,0.3459329990579968,-0.9478348576366635,-0.5988895552585952,-1.0884503117530717,0.05694160900940511,0.15006989820400451,0.7341348363698417,-0.8513770812540101,-0.5483529344199909,1.2944685961581273,-0.9836585576560068,1.0770139849925553,1.6921033718390557,-0.04302222492325369,0.0776523126771546,1.7237240411188959,2.0483522974643718,-0.4731473737294033,0.10779695484347097,2.5505126056674894,2.2883972688873406,-3.004708683170977,0.6403316029661946,-0.5818393583571629,0.14487595330919364,-0.5931875049423748,-0.41575537287291764,2.1585595900200536,1.7182359282990929
207106_exposure320,C03,207106_exposure320,PlateMap_207106_exposure320,2,C03,WT,0.7,-0.6787265177007314,0.731460453708458,0.25751286062670276,0.3498499679289596,-1.5916200071242232,-0.30727215908718575,-0.2978277478403715,-0.19103132673045378,0.0028944397294901453,0.8461765964955011,0.657926425728259,0.9257754243299494,0.8214148350689072,0.4166951956944938,-0.0498356325995012,0.6979208501517563,-1.6294658672576143,-0.5282039438671687,0.46271651999664776,-0.1671633621389647,0.5964105329137946,0.32330055635583943,0.942349192574982,-0.22563896719634702,0.6610446428017108,0.8511083843359424,0.3481705293953579,0.8311099302466703,-1.2031846140948577,-1.1013701153592779,-0.8919847109481095,-0.4773351193301646,-1.913264622858855,-0.10483639586230901,-1.026759621068095,-0.048891289850779694,-1.0291651930411898,0.5473896451263044,-0.4080153265199657,-0.37504435203624703,0.6936713644822606,-0.00673775905043422,-0.2969724245303364,0.04780755570882261,1.1850661104212794,1.7129192364205892,-0.5285634704907404,0.5148739553341407,2.959913683857681,2.4273203424444674,-0.19493029134982578,0.4982904336533219,0.08432332533711072,0.3731492677567069,0.5662440954839782,0.6706078030283311,0.263430581969998,0.7896863769240484
207106_exposure320,C04,207106_exposure320,PlateMap_207106_exposure320,2,C04,WT,0.7,-0.7484547205103378,0.7536493359680893,0.1239699800782011,0.27766339982380595,-0.44704778120137373,-0.6949065189824996,-0.46637206803969083,0.7153912455829282,-0.39918344544899825,1.1578505433591535,0.7204984570318976,-0.309096788257752,1.2315560816724804,1.3317834823127448,0.12432656992028489,-1.0705224062196246,0.10566611795609583,-1.0856678717735693,0.47413989246257116,-0.8362718477685155,1.3259975665787609,-0.06052574183569364,1.501472976079081,-0.011009843158044283,0.9948697212411899,-0.03474317665603121,-0.7498171659211714,0.2123353042316208,-0.7294146856686585,0.07283689475645043,-1.1092857116128187,-0.48933307432061113,-0.5597719713661243,0.1838033936824428,0.13010338575721067,0.9367523738201269,-0.9513122100879612,-0.9646733238514015,1.9009297467441733,-1.6594904008100035,0.20583522935744133,-0.14965175697492414,-0.04803812759676644,0.9750957101978641,1.7484172223079746,2.04385404510351,0.7978633850587934,-0.38805182512172137,2.2001015825641583,2.8590152837605523,-0.22486336853828653,1.0270396399509714,-0.7725044792492685,-0.2507695660433459,-1.469338947231303,-0.5516811547829668,1.6673164699808691,1.1389318283106789
207106_exposure320,C05,207106_exposure320,PlateMap_207106_exposure320,2,C05,CloneA,0.7,0.33505340266949524,1.5755364518218218,0.0761339517120539,-0.8719556201081334,-0.30441143273114385,-0.13038044807368665,0.6511555989116675,-1.2780674921301098,-0.03185284582462625,-0.2184043253760054,-0.2563283844203791,0.4684827676198371,-1.7640904272284879,0.6830419243250904,1.0063166839787245,-2.6642661723692096,0.9966919414409888,-0.18780461547330865,0.03572650215992935,1.5129965462588937,0.8362762447965206,0.7360436617648173,1.2142685401789584,-1.9624401109868967,-0.17222246211914324,-0.7629093913363033,-2.8738880674673055,-1.362555357611249,1.8637483597390698,0.6531677694997262,0.43474965699085866,1.3088594076949283,1.7495310791686545,-1.3592862034090738,0.34997737788290273,-0.6382898488354479,0.6670423313016437,0.5377128646888857,0.49071220765802454,2.139445425538966,-0.11284064022179069,0.04240570316991184,-0.5639738637643927,-0.14247698693663474,1.4295191105921445,0.9563751380509803,0.6353312574751814,0.32161533691606825,-0.5294004187263235,0.0677494875975494,0.32945622231757726,0.6061022181932332,2.268053058275573,1.9908836383940884,0.28692496806938217,0.7314535291943053,0.7013788863664767,0.9467064604986867
207106_exposure320,C06,207106_exposure320,PlateMap_207106_exposure320,2,C06,CloneA,0.7,0.16029293316178617,2.0017798627169605,-0.2840376830960771,0.03496365446952248,-0.617432099977727,-0.09791298221574446,-0.29165804165237574,-0.8744850326072092,0.05159725021351615,-0.02477966938178415,-0.25606330319519394,-0.9441232689306219,-0.7164707159774347,0.30225696472867253,-0.05379403696263924,-4.059437304771638,0.9471521855245009,0.6329983783908841,-0.15874155128112927,1.691392486871094,1.1607325372885113,0.2506375504266355,2.0275211522201277,-1.130690638940591,-0.45202740187262813,-0.38287887101031365,-1.8762656043830934,-1.0712900722625907,1.7118272369924368,0.42432362953073605,-0.8094818156538302,-0.11137258224689967,-1.6370415921768302,-1.1058003325121448,-0.5292008337307637,-1.2240850760492743,-0.5622236648131593,-0.044612535707705715,0.5720359207519561,2.2001165101081437,0.285970166235068,0.2978016121774854,-0.6249727928098707,0.04385647047768462,-0.03974040746073425,0.06672055743736184,-0.027037137555466252,0.6260169101579561,-0.14820437056115973,-0.08084710589193073,0.09458671121524315,0.7977328289611378,0.8208389403472744,-0.14072332366456797,0.2896054206960798,-0.7623711508863126,0.6101404086039471,1.3196347518755536
207106_exposure320,C07,207106_exposure320,PlateMap_207106_exposure320,2,C07,CloneA,0.7,-0.07502223792937446,0.5266432207345589,-0.5549010579106454,0.029711489000779606,-0.4606629429982713,-0.4209935642554244,0.9110238675734459,-1.0442226867961502,1.0651891878663975,0.2991040851777956,-0.6819031283496882,0.4104488656275754,-0.20988634644858004,-0.6823357055301982,-0.334753977867613,0.45963973062151836,0.4764586347445884,-0.337356437505857,-0.8718083535048464,0.10772308948084026,-0.15059333113477116,0.6606042094976428,-0.04984411593793531,-1.3258687958341067,-0.5277839872980878,0.3671636529964283,0.33324745135373357,-0.022124349998966408,-0.5497712990696194,-1.0461488679192488,0.7039947024059525,0.23211284934646292,-1.3744981080273617,-1.2235286559502545,-1.8169079954241156,-1.7883877158456856,-0.2358954302958987,1.042170229564248,-0.07933788954000887,0.7355107269744386,-0.10386049721201894,-0.5047849424323275,-0.6344336628111338,-0.6836624354296659,0.03974040746073425,-0.15400282375049795,0.5877375954235291,0.8052001353533589,-0.16051612779259575,-0.4067157433318339,-1.5884689771593095,0.07512077322679162,2.0280322246143094,1.6129866131043054,1.761271767989356,2.219706139520149,-1.2719913584722486,0.09158595184456368
207106_exposure320,C08,207106_exposure320,PlateMap_207106_exposure320,2,C08,CloneE,0.7,1.0373673364299525,-0.4444267324925206,-1.5328874459571753,0.7029948535085953,0.8251732465071572,-1.2096726850517783,1.2412924889244694,-0.9387417392730719,1.6297757654937404,0.2559646088597165,-1.0127953488937056,0.48527617750420704,0.6325108029757557,-0.01398895544909923,-0.37164667285794734,-0.17655387532053168,-1.672472057986213,1.2043197912002905,-1.0348229732187053,0.44666594053178815,-0.48162535943986645,1.4776517213337599,0.5900729517130101,-0.32563123589519455,0.3983165504556725,1.5588163946832443,-0.1384327036597322,-0.002956703825861544,0.05733534490449927,-0.13634889303146716,0.644986816547238,1.6139160954761889,1.170259333673003,-0.7782758027136398,-0.937818644287137,-0.5630507547044747,0.9824507912287168,1.2934562860803414,-0.5568097392323963,0.18556394943423546,-1.449610305486051,1.5794205823045553,-1.3629240995288647,1.8119031180993188,-0.7756857179835269,-0.45812425902517234,0.7136502614780091,-0.23570385039588587,-1.1511317171092803,-1.1758653084860995,-0.8847169980520592,-1.3582720116259812,0.728584522633037,-1.020724284996077,-1.8077943343417113,-0.4005399617513435,-1.74524297089199,-0.6931123568367411
207106_exposure320,C09,207106_exposure320,PlateMap_207106_exposure320,2,C09,CloneE,0.7,-1.1381390752874805,0.3549743931157473,0.2641568936556969,-0.8977758416728835,0.15864916080355243,0.36447339251040606,1.2312572834593867,-0.6714917723514425,0.7579176329844595,-0.5399101355736581,0.015623503986202105,-0.6360793554477135,-0.8605135578372682,0.7664553745407291,2.5903803961543233,-2.7589341317772664,-0.03753923847294062,-1.4970382870418955,0.9061444572050417,2.1388772007495556,-0.047953021806914464,1.1593226233445673,0.11369555750829431,-1.1821397054224707,0.12409237204159149,0.020865304253816636,-2.3593843857133776,-0.918035906817407,3.298522538603229,0.6748787228708868,0.881036915856085,2.4893879852657816,4.656718060069278,-0.9039661137261286,0.6955298818124594,0.2496080611359994,1.9357825933435484,0.4115606758215562,1.3350961219186004,0.46454823342615253,-1.0456876474029102,2.1715927984070404,-1.262112361358182,1.5040755171001559,1.6078476812021094,0.5857420168326358,0.9719274606667191,-0.8038775732595123,-1.1641901036254265,-0.9009655068526785,0.43904060873943845,-0.29555203960228876,2.3841318053540337,1.743125914441801,-0.4810278010737548,-0.9514676325693215,0.6476026325867136,0.14533013138674233
207106_exposure320,C10,207106_exposure320,PlateMap_207106_exposure320,2,C10,CloneE,0.7,0.3996825403239002,1.6679205798324632,-0.2586000953557227,-0.6459866654445953,-0.7036893259817993,0.24150937571407552,0.624170477459946,-0.9439402229654198,1.2931055433096952,-1.4107928444835438,-0.5012790284837956,-0.7854423338166757,-1.2249901083551367,-0.841009625784628,1.1152402354036166,-3.853118927648502,-0.14044981132966833,0.27625876936803284,0.04051781341038791,1.6539726792892007,1.3474532104147416,1.295063059739125,1.5001958792385723,-0.2721605530153529,0.4789360246672441,-0.6819980248903228,-0.9180532986423559,-1.1131791555533626,3.4007269041354204,0.9389259212424867,-0.0902819251039293,1.0892197891586124,0.039664111420034634,-0.6463441631627297,-0.6836571159361844,-1.4470128735883172,0.05455182582803057,0.18400223150032563,0.8389482774521977,0.6421682393900973,-0.531533780607756,0.3806757390023562,-1.691390663185772,0.42875138092535325,-0.48337649779577857,-0.6952608278894293,-0.6282541057398184,0.2935469870341554,-1.0268387811431459,-0.9932354830010117,-0.5909825035182411,-0.029353180929562496,0.29190404039572293,-1.4329361448446618,-0.48668242184095134,-2.228059456559559,0.010768823445821078,0.5797573075538187
207106_exposure320,D02,207106_exposure320,PlateMap_207106_exposure320,2,D02,WT,7,0.9753490275530089,-1.2626551365301972,-0.9175415352220386,-2.526428696464221,1.2323777053189209,1.5600765754307058,-0.6978259200415229,1.2799307942712994,-0.9367654067724179,-1.166397555436895,1.8000621021862133,-0.8075901166812308,0.285389681834047,1.5907412042926632,1.6557058383545302,-1.9807773835899691,1.4161822436107374,1.8396769867802063,1.6470083872011398,-0.5129549695272273,-0.8381562837929141,-1.4420986491076069,-0.805250710565194,0.705651404231459,-0.8585473076424627,-1.2601392997729457,-0.24496101150329452,1.1863938171178308,0.13117171745530926,-0.06235219403050122,-1.5226261417376397,-1.372541933224479,-0.6820096761820266,1.054094592474939,0.7027010444954552,3.0425098712778853,-0.7445524682759314,-0.2118772383243465,-0.8544061195802622,0.7697770748478081,0.14407160150615883,1.0463127549270974,0.33103618076378133,-0.7890639717247045,-0.07928157889170914,0.3765612538598625,-0.2604218099457312,-0.86133745633946035,0.48954350548218606,1.16115267650657,-0.9061354307663639,2.0039990736343403,-0.6799677897026274,0.3733541414053816,-0.062427285447037725,-1.4310128899291565,1.0641019824254359,-0.6349984531931048
207106_exposure320,D03,207106_exposure320,PlateMap_207106_exposure320,2,D03,WT,7,0.1955394967698433,-1.8179441712225906,-0.41309627857417897,-2.7881552154605074,2.0864494676155227,1.0358250400254823,0.3932787232239189,0.9122949410826307,-0.9116372499646394,-1.8052787024736099,0.818186263628709,-1.03619876875762,0.36131517914964373,1.1915115269608259,1.4257855531832573,-0.10127445843080486,0.3602124881832746,0.16223886472060972,1.4973537218579869,-0.8805292677609275,-0.6000395163976981,-0.8116876309405179,-1.0043201494353844,1.2002459771976162,-0.6879368761514796,0.6972052644614974,-0.2600970662164124,0.7089801031978012,0.514788692820527,0.5212897924824071,-0.33769063851785697,-1.023006397320387,-0.4673487016899146,0.9491963016709308,0.7150771589206538,2.458551324755547,-0.9154462936517946,-0.49243766860040655,-1.154061209784387,0.39185161192353696,0.4367187275388571,1.2948098073337544,0.14547164072295496,-0.13271033055799433,-0.35216567326264187,-0.5768869337006232,-0.3280632890448835,-0.3586971280137956,0.7057872234390774,0.8367061962514123,0.3767770511108913,0.6992160916180329,-0.543226293051799,0.5096560262199794,0.47046529310886664,-0.3316438076187611,1.100147868074268,-0.19653833300637358
207106_exposure320,D04,207106_exposure320,PlateMap_207106_exposure320,2,D04,WT,7,-0.43052529880701773,-0.6627799813726034,-0.9918950279757215,-2.0866720064439193,1.6590404716228209,1.804142844597572,-1.4720379637768932,0.7484807425580484,-1.4246713438564789,-1.4466608598260613,1.5438651917473305,-0.94604687626913,-0.8128290169833404,1.3050735869009484,1.7689180421703647,0.8859912492761721,1.6648505591138147,0.191518416661108,1.271995318319606,-0.007823505855296408,-1.0921970763248792,-1.3110157569557859,-1.5938822371434211,0.07304979327031448,-0.9539545429202527,-1.2512042324132862,-0.4861567475942932,1.1068561794775302,-0.1836503377440102,-0.41628717626089967,-0.17612371707724656,-1.276883552604942,-0.8473899657008415,0.4074370647747713,0.41654598134406057,2.4420308953611656,-1.0444111935829374,-1.2461074134675276,-0.15087095936110798,0.4626942563637821,0.6553101544709298,-0.059642512212061405,0.04302222492325369,-0.4982337893863048,0.30697322366772867,0.09242247981353756,-0.26467880143277206,-0.32942505607180256,1.381719067647514,1.1091858401258508,-0.2277348890343519,0.05216170348559998,0.19319396320256849,1.5373810789371132,1.0440944251429785,0.8711921149334726,-0.010768823445821078,-0.7699145114045913
207106_exposure320,D05,207106_exposure320,PlateMap_207106_exposure320,2,D05,CloneA,7,-0.5286788325886146,1.355747107340924,0.4155280958252339,-0.022314470931061422,-1.026700458193214,-0.12377336668341664,-0.29502572835380336,-0.46458071105530147,0.19645385256320622,0.6126844966707305,0.4787833236132961,-0.11433842270669071,-0.07290428018058692,-0.22646626977521506,-0.9856309440588369,0.4181128141494622,-0.1873708091642042,-0.273511340356609,-0.1701686824638554,-0.7254747361853909,0.2044408067536685,0.47046077077530835,-0.23352750495927477,0.28321635093918485,0.5593686861084631,0.6044174805599627,0.00976071845900793,0.08770704459689063,-0.762623970679801,-0.7118248793588173,0.033872907168221306,-0.3621495799773273,-0.4355977824901324,-0.12937905044517284,-0.6653244030170061,-0.29319422283027724,1.2500876503737959,0.6004470707637115,-0.47204259739533994,-0.03742287742550609,1.0554914904160433,1.9074903423344443,0.9439164254063596,0.4248576927495613,0.8590319393025854,0.6537206910637611,-0.9386414252081572,1.197204989772195,0.9104055259800554,0.4951118927895255,0.23589803174981266,-0.5814839951775,-0.12417248919420444,-0.36094225027075477,0.1573018331850347,0.5814092105625317,-0.592834772913772,-0.20072963953558037
207106_exposure320,D06,207106_exposure320,PlateMap_207106_exposure320,2,D06,CloneA,7,-0.8729801076658159,1.6797152523154568,0.7740313357929771,-0.19766253393945227,-0.7419092945593188,0.09791298221575377,-1.3997008299260603,-0.0018362058113645943,-0.39086622234655577,0.2803184259190913,-0.08919914139201762,-1.4904455706101913,-1.2309556728135396,-0.015527093247786065,-1.2107739791100758,-0.09731545604676191,0.7879996938630784,-0.7715941975110044,-0.6640234524774402,-1.261240055579989,0.07121228642394442,-0.8652185563227012,0.26007234434103677,0.9724849736875174,0.8022710111013539,-0.17419325155508,-1.1481042357166835,-0.7606589320174373,-0.853626180766938,0.6524674904232004,0.3549866975168976,-0.5705391634155879,-0.023471806929131964,-0.261434657365792,0.16736067167003904,-0.173675359034531,1.1089947224360963,-0.8867398124586646,0.7141370403808833,0.5342632776924531,0.9555358256023964,-0.7054300216915356,0.9628903975401569,-0.39081670619872294,0.3759471171153739,-0.20088472417491413,0.02703713755546873,0.9080745912426894,0.20220062511043257,0.010748597849699913,-0.6697322759637586,-0.402048745646299,-1.2654287937081103,-2.0097355509685055,-0.5043227117402762,-0.08585016439430079,-0.5521970828642399,0.31672974139061044
207106_exposure320,D07,207106_exposure320,PlateMap_207106_exposure320,2,D07,CloneA,7,-0.7493143404357548,0.8678903463749393,1.201923189756758,0.07304856554520733,-0.784446399487043,-0.4717996324587731,-0.6223554077813052,-0.2639178621249373,-0.06611853425031557,0.3706170055725393,0.10180919493958787,0.5982419360170901,-0.7943799240997473,-0.4650892013700529,-0.6604230289107557,1.2001716990456461,-0.06439161729394004,-0.8080531776582176,-0.4020164097580008,-0.7233414432722272,-0.8443727295079706,-0.3579961713897556,-0.7572578582755891,0.6210104523152372,0.7902026119828589,1.6816746365997892,-0.16440710095023728,-0.321254987913813,-0.6195668332845319,-0.2688775366766176,0.6339684059031905,0.1783140304018276,0.6479047578315605,-0.07171737815563577,-0.3842799804676566,-0.334033461884932,1.616401863844438,0.25116235118965935,0.011993841070067995,0.03742287742550609,0.9836069198883367,-2.818155922848803,0.8542580287132148,-0.3897902377080077,0.6039482229869815,-0.008969620182557364,0.2809159214442102,0.9223709263896266,0.4864303023028768,-0.04733043167704491,0.07144456442757165,-0.2968857557493806,-0.2292723543569154,-0.9106858987016524,0.062427285447040196,0.8925932195837145,-1.1755394638172036,-0.11936799745247138
207106_exposure320,D08,207106_exposure320,PlateMap_207106_exposure320,2,D08,CloneE,7,0.2655673906584044,1.2368838364223997,-0.07613395171204596,0.13584447177267073,-0.3372356049302067,-0.1767007973975084,0.4341325596593412,0.0018362058113535122,0.0017157246832813894,0.39446329679750564,-0.541452733030215,-0.7277998673567916,0.730794040999217,-0.3975676093236026,-0.34739627068806794,1.7348010213432326,-0.4640379937577645,0.14346432216091434,-0.035726502159934254,-0.49663034899567154,0.014849056287935711,-0.4465701284905188,-1.181489633136859,0.4962374595325233,0.6608649941321153,0.4514409684508748,0.681573690183128,-0.04872889285158928,-0.30238162046813477,0.06235219403050052,0.9045947522748241,-0.004462639056337551,0.06803880660200837,0.14388082402864788,-0.5249603283197479,-0.2198316384382698,1.6049773058815773,-0.2538100186939523,0.9617172797906632,-1.1454240672236953,0.8921839474262091,0.15082482955563034,0.6979153791119822,-1.2374176318994867,0.5221203409895014,-0.2620904447291496,-0.5575521091027155,0.9055636282181246,0.12257034955090204,-0.09270899495286145,-1.3679845205206806,-1.4794114047226128,0.5638189767328573,-0.139119383690666,2.254539106223897,0.31023172161714474,-0.7955880245120113,0.019764998698303782
207106_exposure320,D09,207106_exposure320,PlateMap_207106_exposure320,2,D09,CloneE,7,-0.6319746720929735,0.7108461852179919,1.2287632845044074,0.46282982928075783,-1.6765144174863567,0.34353700958770367,-0.46016148040141713,0.5049336453213997,-0.3924120343041483,0.07150714038061486,-0.015623503986202105,0.495665319929279,0.8225850633893609,0.033309725504602664,1.366184860621545,-3.44139223334826,-0.0420988112226188,-1.7701553132856904,0.30438982746007065,-0.15426358256641426,0.05120553375072567,0.22607522440419708,0.11394034877381297,-0.8957526671108392,0.4903132214286786,-0.9468398147629999,-0.66740782877006255,-0.9341871183929599,1.6278653949607673,1.2080017594024544,-1.0428528855127452,0.6909312272284764,2.3141963710625078,0.3505646387624243,1.0909658594709832,0.6069178940775546,2.7745211059672936,-1.5386437803386797,2.841859624034128,-1.0637395391493836,0.813057103982723,0.36975763635945064,0.958665770115293,-0.7490548263299297,1.2881067693680637,0.96937864325613,0.04222320674386835,0.7229646087952344,-0.17192799342974951,-0.5221827423702982,1.0281741161929643,0.33608694552770463,-0.11314072835514148,0.3819991708892256,-1.3272868425327728,-2.4281649609009173,0.5787329231008457,1.0419862826101525
207106_exposure320,D10,207106_exposure320,PlateMap_207106_exposure320,2,D10,CloneE,7,0.7863361762648017,1.4225246270753586,0.4328390602619474,0.22325240476264122,-1.1969172229797023,0.1401812622388284,-0.6197922629958904,-0.43268309863574966,-0.6780598276038511,-0.3864013062563105,0.29804216092296415,0.11433842270670706,-0.4260285366417961,-0.6508943161817276,0.07753774826403075,0.7858947377185636,0.03753923847294096,1.112484298897797,-0.05121990709594742,-0.7448655384349505,-0.37809334600166444,-1.1953973497512547,-0.7688001966391326,0.011009843158044283,0.688829660759286,0.04310804984467901,-0.3244370127970665,-0.9863550802006822,0.10098202822399162,1.1332577207855807,0.7185793796977469,0.1199654399530274,1.35219069615176,0.36519347316745193,0.4178969110383883,-0.16628964415026762,2.346792373222454,-0.9827951803537164,1.6108202808688061,-0.9513039267657606,1.1601137995209552,-1.3794358535637037,1.051700824906553,-0.39252925333784544,0.4220005809124065,-0.1830798039542027,-0.72120850872825,0.815790341304563,0.423107300919653,-0.17762273626558323,-1.2908539439860274,-0.9599047977858949,-0.669013729250563,-1.5290223444210493,0.2119224211490883,-0.8153696413056472,0.3395099481862762,0.7439612212178048
207106_exposure320,E02,207106_exposure320,PlateMap_207106_exposure320,2,E02,WT,70,-0.6702550012524591,-0.7434385027512521,-2.4174822459496905,-3.451448172413396,1.6909889741088857,0.7013165451830173,-1.5086848498149832,1.9068772396627538,-0.3858097814384273,-3.815090659866112,0.5900241161148223,-2.8670622465573885,-0.2792435311847532,1.1195610270772278,3.4769854794342625,1.7313124874722725,1.073233379724698,0.38369632512500695,3.294757482963642,1.0529253287464337,1.079696599807431,-0.2453050671185085,-0.020078877204161297,0.9525478061168832,-1.9988065538863895,-1.4196909885786138,0.2685435816970139,1.3313671718189815,1.7215905089832484,0.6911450835153853,-0.1442412899696772,-0.17977867983293647,4.756184449750799,1.3809137610590192,0.8760014282369372,3.475225770859805,0.8361730095984998,0.060753081126692574,-0.6206189243063991,0.403701151488227,-1.4842797422518332,-1.711666409022289,0.47139497549049614,0.6653190835235245,0.12932897001746974,0.8850315412658623,5.198323809952601,-1.3633121628096239,-0.31165288715151557,0.1576751705641934,2.0459950699769736,2.698860544334363,-0.03566114232041189,2.0838740402088516,-0.7405566419785108,0.5043120552134448,-0.4471726152053457,-1.5687414113734353
207106_exposure320,E03,207106_exposure320,PlateMap_207106_exposure320,2,E03,WT,70,1.56617864082077,-2.8080848194013512,-1.9885269568382649,-4.0858293657259495,0.09331940825676159,0.4820210488658105,-2.3135612018972855,1.1617849630706403,-1.8744686923748635,-2.789442518240417,1.7381061880891784,-2.666606248319604,-1.0902059924104743,0.3565455922904642,2.6078197481563707,-0.053341087451555726,0.2609292336753177,2.292701590974044,3.4395598028147893,0.9620229780584786,-0.7174054931098127,-3.069626118037861,-0.4115588254542614,-0.09844100830252318,-3.129542757586341,-1.9806734117563753,0.4594487629141798,0.8310630664819061,1.7671977522890785,0.9866608840142097,-0.5396964725008306,0.004462639056337976,5.54381488410905,1.0105197830280521,0.44094863558417763,2.116157795154137,0.6336894394638709,-0.1752303934042881,-0.6348444785723071,0.7575865640962809,-1.2635521918395112,-0.643551497261655,0.30531644400853564,0.9375192804457678,-0.1170149748960768,0.10032769208652913,5.125547325271824,-1.5686181869222056,-0.5052729325787051,0.21085513007857332,0.20632505746779126,2.55603550505093,0.03710447835890387,1.9929051187337532,0.12041638571851526,0.28851611330121235,0.03693965903938357,-1.462333505900318
207106_exposure320,E04,207106_exposure320,PlateMap_207106_exposure320,2,E04,WT,70,-1.4531498883527103,-2.888815415313428,-1.552158611670455,-1.6258071808248746,0.20253001042447027,1.1695624218963434,-1.2890329688178406,0.2161052186132416,-2.1146456875340474,-1.9190288572456398,1.4514695541056466,-4.529238226631226,0.23807876561710012,0.8216604505756993,2.5314924319674845,2.5043011126863535,-0.25915387014033486,-0.7159831405623063,2.8859525781913127,0.6159371269801737,-1.6006816816179394,-2.3964051817148495,-2.5156305814538737,-0.8344154611935491,-2.874631920923395,-2.5629699151359175,1.1921122694741084,1.5145034049197696,0.9724692425004406,-0.25728680161212564,-0.2286691669365066,-0.79027229317577,1.7484166279409739,1.5498323568564103,0.4158193293309077,2.897956195061267,0.1538792446146599,-0.47244391041402156,-0.40769362715068663,-0.10857058869292074,-0.6518800738585366,-1.943982153105057,0.10225773233644597,-0.21052049311121043,-0.1989370472311546,0.8855698657245288,2.3441971944421973,-0.7950464814805244,-0.1225703495509012,0.6413808077636886,0.04827061556365123,2.4237379344611614,-0.588964201411009,0.9124871197144687,-2.0410676812851407,1.2125866991320522,1.6190969105024904,-0.9367395478409722
207106_exposure320,E05,207106_exposure320,PlateMap_207106_exposure320,2,E05,CloneA,70,-0.7211218804102769,-0.07278321060939731,0.250217604681482,-2.4265010143821577,0.02841297039645,1.556101066659525,0.6457962743611892,1.8487404784732753,-0.0017157246832875594,-0.3895672887607817,1.184775923911417,-0.48745286451815656,-0.10843655356169975,-0.06963563569329842,-0.15182476037264825,1.4036791664946264,1.0825130922237325,-0.34496381632855866,-0.8800427198140496,-1.0036642638077682,0.38198845907008805,0.3331515068590264,1.2380482351024515,0.4501977044683156,-0.06464600928688889,1.204631095633581,-0.26784655769602944,0.0029567038258623505,0.2791473491906898,-0.0657787975160417,0.34309271085437537,-0.9912202151952194,-1.1151303085336426,0.08523713311121418,-0.33921594168539687,0.04889128985078049,-0.6080669796277444,-0.48918985441006185,-0.3668532392767098,0.574576464173572,0.5156993962886293,-0.22195781654825708,0.6711993791897206,-0.04385647047768462,0.19081815255385662,0.11077748668154752,1.2720087986625648,0.37555252466947125,1.3248886423516557,1.1132709211610101,0.5303164576877879,-0.3110867064358276,-0.18354632227652232,0.6702866684677364,-0.19444225489367672,1.701702146105766,0.32101585225280105,0.4218936210245016
207106_exposure320,E06,207106_exposure320,PlateMap_207106_exposure320,2,E06,CloneA,70,-0.947144216202746,-0.15734486217603783,1.3771680338861165,-1.2764217916314036,0.06542912355711215,1.2137386932983676,-0.31386781400016234,1.741064427041463,-0.1842227474573755,0.73629702228246,1.5055889499109183,-0.36500547535328204,0.2200564788972701,0.5368826192096767,0.3914418188168693,-0.5726256112354213,0.6806725011033152,-2.1020948940273674,-0.4797156964013173,-1.043826670538546,-0.4291260364010354,-0.9781805973075473,-0.5917236606776012,1.8370374631740263,-0.15044665608540606,0.4671733476547522,-0.8441417926896867,-0.33926952382771924,0.7300297437312046,1.342964092969895,-0.011142467846676076,-0.6580502917247141,0.666971842771164,0.2613402772224014,0.41175937039331,0.660883280656072,-0.582973186660571,-1.5308981783214644,1.0959614558027826,-1.2493352623361427,-0.32612051212588306,0.5212617584646634,0.6919535810440255,-0.07796589746554915,-0.08635467813745333,0.008969620182559925,2.3657843979531683,-0.5545949454427606,0.2374827829560027,0.953627584379395,0.9471059652766628,0.9096045047230639,-0.9151858611251562,-0.16871044743413288,-0.6084248769746796,-0.5396113815439866,0.9629365940760624,0.6182482982889825
207106_exposure320,E07,207106_exposure320,PlateMap_207106_exposure320,2,E07,CloneA,70,-0.4116097693235834,-0.3680274065911378,1.11821651244481,-1.7861410272282199,0.56655623631677,1.3631660998965516,-0.39355246227656016,0.548632668302807,-0.2978207586245432,0.29329032436143126,2.236906243987938,0.6317176115067313,0.053824907948098716,-0.18515879749259676,0.2004177449223185,-0.22180888453238767,1.6171394736160927,-0.41703170259840455,-0.6849580664757502,-1.5420116234850558,-0.96479599686082,-1.4341767497635436,-2.063364636088469,0.0672086060446696,0.5385969728105182,0.7092276973919736,-0.6201983308256894,-0.7008053484355533,0.42811454262586524,1.316161870457343,-0.07948073649363978,-1.2007332229510288,-0.7151096815183448,0.26462590087690185,0.08624851422840682,-0.1522056645189476,-0.9016571044185979,-1.318771368313823,0.5416047955501189,-0.6348322021285369,0.2621750538311803,-0.22445708516519283,0.5314064146841905,-1.2263631287019656,-0.5057543371031213,-0.7341453463535379,1.2285055607294204,-0.12446193413009964,0.8669624407348308,0.946392313826088,0.26384842282085846,0.3636843917196266,-0.8572573903399342,-0.11833532262734625,0.979943548379303,0.0858501643942993,2.0102765220081498,0.9518950423709871
207106_exposure320,E08,207106_exposure320,PlateMap_207106_exposure320,2,E08,CloneE,70,-0.7517719265105751,-0.9962161236257125,0.8591353072748771,-1.601323104222689,1.5465831415469735,1.6946245109125788,0.22094572412330687,2.957987582850777,-0.4478655203634061,-1.3639292834905563,2.237864462309076,0.48189117553207206,0.30463744300091994,0.013988955449100204,1.6695068126405852,-0.05505331766754343,1.6370067403151187,-1.1090682021737344,1.905650006719502,0.8920257533690479,0.1376889632374155,0.022017548160234653,-0.1333620550084735,0.363542544879017,-1.2087240998204916,-0.12321183876387189,0.6843387210287205,-0.12832578902057637,1.2142188027070755,0.7631509041283909,-0.06464831500182965,-0.969987836112451,0.5586268912718224,0.7804510207430311,0.1598174752645073,0.6229449655770943,0.6819391876515466,-1.6134175137235391,1.4404213953931553,-0.7068132795630933,-2.077100004275002,-0.42602125551049735,0.13207136027285124,-0.7340428750859426,-1.300084026276081,-0.9434344967661175,3.7680352345272956,-1.4426960468068166,-0.32594355655717827,-0.033734477995940156,-2.662949945602566,1.2141526384928234,-0.9683742696130091,0.07557640269073757,-1.3553743589426168,-0.8061885570003602,-0.0783250346399449,-1.0534459026965417
207106_exposure320,E09,207106_exposure320,PlateMap_207106_exposure320,2,E09,CloneE,70,0.9484152574774809,-0.6334472889829194,0.17579648980449156,-1.9482861258671431,1.0928698045446759,0.8748829555321028,-0.22094572412332017,1.1490945038433373,-0.7364401644745231,-0.5084472358413549,0.6670783906035023,-0.23227848788311614,0.4313769947558501,-0.3498723967653682,0.9983427646344676,1.0445366732654515,1.0337114042257334,0.8962749516936643,1.7429857430837126,0.3104174802935226,0.6331280014946179,-0.6051097355678634,0.48810596525599137,0.810104595933348,-1.0139830267271104,-0.6669834940628676,0.7796916220621184,-0.3713999025353348,0.828815647091076,0.9113719108064257,0.9349017164637321,-1.082573408620132,0.28892568480460984,0.7026373557904606,-0.06711927975340044,0.05679070945331191,0.2582669282478975,-1.8891574963362707,1.5882680782333816,-0.7374213086256548,-1.963463727072599,0.7119538281160888,0.13697232429940395,-0.8775905849994945,-1.7880797526354932,-1.8066843034385414,3.6750160842434365,-1.4827161919352252,-0.8732656222394427,-0.010748597849699913,-0.6152451802957022,0.02935318092955862,-1.313892473310558,-0.6786948504854539,-1.0025917266683977,0.20897081918842378,-0.4831076699840311,-1.0746161349673378
207106_exposure320,E10,207106_exposure320,PlateMap_207106_exposure320,2,E10,CloneE,70,1.0564136541675189,0.18757814560124655,-0.6454098199371052,-1.4136668787117574,0.5616962078488992,0.7258109469912847,-1.4814427483022734,1.7310064572933483,-0.2198160912032572,-1.8394301026628095,1.0745872373073913,-1.0353569599975,-0.11987432064962553,-0.28011813221418,1.3515271926881451,1.5695834536885416,1.0616712948686846,1.4507291877198938,1.5565958237374087,0.28937584796562255,0.5012502243978932,-0.41305149743623815,0.020078877204151246,1.0765048259072203,-0.824092409861949,-1.1353711538749134,1.5163708400672702,0.0631733545239071,0.39322217168885754,0.26459468462921965,0.011142467846676076,-1.146465514808866,0.39427878142016276,1.0847971350632686,0.06711927975339942,0.6880982382971182,1.725660997396717,-1.5977342466301414,2.4169740293054716,-0.9928741097691566,-2.7638281202215573,0.8442870413041659,0.16947401726189146,-1.1451747864632529,-1.9042609935961832,-1.04578402108989,3.6946011136448664,-1.8260774055746944,-1.603573355763677,-0.13888976458351823,1.7757038137197663,0.6617460966573684,-1.8772739681415311,-1.7922653253181269,-2.7285828286943348,-0.5657843975501239,-0.4329245614048529,-0.9900216153886885
